userId,userType,username,firstName,lastName,password
,Admin,chickenking,Chicken,King,KFCyummy@
,Admin,bigTiffa,Spaghetti,Linguine,Meatball@
,Admin,Bepan,Steppin,Big,BiggieSmall@
,Admin,QQ,Intel,Quartus,PrimePrincess@
,Admin,Xx_teaEfftea_xX,Discord,Nitro,FiveNighteyNien@
,Admin,Rativities,Chef,Ratatouille,ScurryAround@
,Admin,PastaLaVista,Pasta,La,VistaBaby@
,Admin,Pablo,Frontyardigan,Backyardigan,Pabl0@123
,Customer,JJvOtkl1iZXf0K7gyYTWJ,Stephannie,Durtnell,AWotbz6kN0owdFInZkFmQ
,Customer,GFqUkTaAWweTczPa,Felizio,Goghin,Idme9dFaudlJzO30
,Customer,Viwhnw9sk,Carena,McKinn,1CXcOsRet
,Customer,rdeotEdi9xnzFw,Margaretta,Dominici,MUoUCf7Zb9cd2d
,Customer,OQJPpKq1,Nathalie,Mardoll,K6fUQGkj
,Customer,pe5UMdWIghAVhLpuF,Carena,Munnis,OyLXFMQffp7xyVyIT
,Customer,cFtRyBxUe0p,Matt,Gun,nLPwSgB4ogM
,Customer,2GeR2mrCTgaNLktUsEJ5yjqsH5CYVt,Jayson,Van Dijk,bp9ERhv1ZyWCTyBF1hvQ2N34fgpFux
,Customer,YDeoGx5JLY2n,Valentia,McCallion,46RM3gpPMx9r
,Customer,GdpTt7R6,Jacenta,Foulsham,0g3Ditvm
,Customer,GnP3RdSmaRW79iVU,Nadean,Tonry,xGhVc9dzBRfkCYm2
,Customer,J8vvYf4Pry78wdnbKeXCvL3BN9z8PFc,Anson,Binion,MX6jirG1XQWPRQxlmLjMrZEjPPtStG9
,Customer,a49Dr1AxmWNngDpfECyC0EmK8u9MOZ7,Bliss,Stearley,blHMAWnf0EABiLCjdQxGv1KZhUXadfF
,Customer,a0ypPrabUCWx0JScrbKUcTE4Tg,Almeta,Paoloni,2hM5C9UCrYFfGUpS5JwLN6BHEj
,Customer,8fK4HmAJmdUV1GD5hQnpgRkkH,Oberon,Emerton,fAyCMhpoLt9wolSn3FYy4Xrfr
,Customer,F32ZaBQoBRbrA7,Agnese,Boatman,RhG8eSYLcg559W
,Customer,4w6E8j97uJMV0rGUcshSbkr,Myca,De Morena,Lq8cE4rNCegDFQ4UrBgOl5i
,Customer,s3clzRyHIiOm6LageG,Sasha,Roubottom,vSQKVagFrnz56mfblZ
,Customer,KMktlbrNJvqj5Nb7,Dita,Mynard,i3EnLbpb8XejNcZs
,Customer,RxIhaLFRSzGAGoGBeJL,Clemmy,Mardoll,lFhg9EBddgiEij9rUNu
,Customer,mQPeizhi4ALzXRrxiQHVDhvR,Lou,Sayes,OqFF5c2DO8UaPj5wTooWEPAn
,Customer,n3bxO3EkxXw,Joey,Gyorgy,WQIstfDGzGU
,Customer,eNooprjI4SOo9qD8TP,Clim,Brunone,hQJNDS6NJ2UFb6Ghh0
,Customer,nCHMEoxnUDWvVl4alweQy0gtdnAocAW,Shalne,Missen,moc8dUKuFpLzC4tAYK0vKUvjO4l1bl6
,Customer,dfrAYw6AVFP,Dita,Byer,x25b9Lqu9d1
,Customer,UA7iBMq9WnhjksXHF3x9dhuE2,Lothario,Goghin,JzPw3cnqjC81fZH3YfryEuLTH
,Customer,RffYlzkv40Xvgp,Jayson,Beceril,EHo0J6BQi1mGjB
,Customer,PjXeH5e08tXhh87UFrsau,Salomo,Joannidi,PgtGWs9txttYVgWlWFFLW
,Customer,YZEnKI7obmfkUZRj80wLa4Gkl49,Terra,Moxsom,bHL0rM63s0TVwWmCJd2OTfIH37d
,Customer,TBzzrH0K8E724ewry6E0zcDL5,Helga,Regglar,HXSOrk5JTx5SHhJSr4Qf7Rfk5
,Customer,nyyYtXJgO2c7GTWxTRc5boYt9I5Bi,Jacenta,Duckering,NNrwqwvKKlLManH0xqg884w3lq3iP
,Customer,S8WNjWFBAvhW55xp,Bone,Brunone,ssqnMrbMqg0PrIc9
,Customer,8pAHebc3lVxrTVAdS9rvM8R1T,Trish,Reffe,t0c97cMc8tWeG18TuSBE1UhLF
,Customer,61spi8limy,Christoper,Jakel,9HDv4ga7It
,Customer,tcxnyzzd,Dita,Pirrie,Tw3yBdXo
,Customer,kAXWlmTHZzMP613LP1348XePa,Nanny,Spalls,49RTbpAAPbTwCPNXv4nyWYn31
,Customer,EaxkkRYEM1YNaolbjz,Sal,Hartus,KXK0E5fnDuTN8R5jYY
,Customer,sllfCDvRoOOQvVetfOjD,Almeta,Castelletti,aSiAULGgw1oed1iGdCda
,Customer,92vEC9p9EspixCYfImSUAGKNxFFlaS5,Matt,Bointon,XSIK7fjO75A4EzlgF5Xi2AvNHhOauVO
,Customer,fta0NvmIrcKSFlJNf0C8jWsr4qZ3g2n,Malena,Jeannenet,3XRVinffQN2SbRJ5tWunADoMq5tUlQJ
,Customer,D1lW2NDMJPL64UlPlBoakSMT,Valentia,Shedden,sjvJpCImWzuWFmUfwYmC4oJ8
,Customer,UyLT8zNUOnSnyVFt5h,Jerry,Holligan,URUeSnYFBoR8h7KgjZ
,Customer,mv52FM2S6orb,Dita,Roubottom,UYzoYmVuYzZc
,Customer,DClERFCm6qz5Ir5QPpMr9fnw,Nadean,Boatman,86eSpi9tRVFZkzsR9Bl7Y9rJ
,Customer,K8iKZAlhov,Oberon,McCallion,HhsuJeIbRY
,Customer,Sd6sG9ps0TBRT1pQIKGcb,Rosamund,Sayes,oiXUs0Xj7WXobv8lBLYie
,Customer,GWfAWsM9GJkR3jIlAk,Jerry,Shirland,ylR9oYBpyfv4fqwx6d
,Customer,lPmhLhGXQ,Cecily,Reffe,kFag4yhpm
,Customer,dvz1dMDasuRXj3EXM5K,Moishe,Burges,zqBcXXRitrNBjVWUaMo
,Customer,r7h0opfqqAmU,Dex,Munnis,7SntnO2Scx3y
,Customer,vXGjUNngPUb95nKiuo3iK2NXCY,Nanny,Duding,xIaBrDSaUOlH7PZmZDV2a44Aww
,Customer,Nv0LUhKQyHClLUXu9lmubQpmRZa,Truda,Binion,tGtT5BND0j3v332M9C5LkTXJFqr
,Customer,ModhnY4LScCx9jCr0,Margaretta,Beceril,2eWeUGnuJvQt0K49z
,Customer,dPbV8Ic9UYuX3VAwLUTqvTbBpCdL,Allister,Goghin,UExv1kyfpRqIfoFDkSixVaqMDNLP
,Customer,D15Jvcqr7ngwW,Truda,Byer,UjjBXgCSQ4Mka
,Customer,Q1zKGNHyGmMTrXgRCH2dv0ixGpL1HNN,Grata,Matveichev,YJGqmhNBg3kQXNqKhMoYJeXWgPuPkmB
,Customer,c0AA2AJV5VFcyVEZ6i6IbmGgwXbWS,Margaretta,Beales,GLuAi7S5CvGYq5IhvASA17YwqR7Nr
,Customer,fpSoZf20bZxF6VPsTdU,Kat,Emmatt,5pPRzMdhNuLFV6JS4wj
,Customer,OF7sj3qXCL,Cecily,Paoloni,aw8wsUfyr3
,Customer,d5zpqDdGMZCVUHm5OpnKg,Christoph,Hartus,dKzGW2A4aKZgHlnPgjCD2
,Customer,BK3RB0zWCJ,Margaretta,Jeannenet,pVbU6xeqp3
,Customer,GZDp44KjO,Manny,Moxsom,4u5c3YBck
,Customer,viKfsZDlyuyg7VdZgAAiKaG3FS,Arch,Davisson,ENjzEQFmQc0ozb3qe6dvt7DvlN
,Customer,VBEKEhkatR48BckOTYEH5hXQUKgz,Moishe,Mayler,Mqf2w4aJo0C7cdtxgSvlW5f8H8Js
,Customer,1TwjYUFNzkgbM,Jeniece,Holligan,umviIM1S9bFPw
,Customer,RVIcyCEIp,Truda,Scraggs,8VlpInScc
,Customer,XWMdcxozfZJZK2SZT2K2Xwx5VrLa81,Marquita,Brimble,VDSXuzJ8u82RehGV83W7tAFH4KF4dJ
,Customer,ac85ZmL4oTZ7Nn1BF9J5c,Natividad,Gun,7lbeZOeN0VqWiEnKJrpMX
,Customer,q1Lz20jdUJjzfVrJhp,Agnese,Bitterton,lt1i0MQhRl8OUZsVoh
,Customer,HtJ85amK6nZ7ugur,Yankee,Percifull,7H49AG3hSj14ert1
,Customer,2rjILNLDuyfWFFC4OZG4,Matt,Munford,fwC8qz3LmPgGxsGquIvg
,Customer,7oDWmD6RxVsdlFPoXlHb4DRArJ,Sabine,Brimble,kOXzCqcsqg4NuMz5AK3TtjCdKd
,Customer,NvH9Jp1u3VoFeZjnVKL1AKrfxwe,Kurtis,Beceril,d084poqFpve0oRKNNAk4Ef6nMyQ
,Customer,B2a6gvOiUw5ei9fTlU,Truda,Varian,gsDEnL5vIK1PAhMWJv
,Customer,CjIoEpOV3YKYqpWpkmSkCb,Tammie,Duckering,xLuLf5NCWjY1jLhs8p61IA
,Customer,3T0yEI3A1bcxUP49kVP,Stephannie,Munnis,rZvVkwa7bcpHwPGprox
,Customer,Ob7Ws05w0tdGg1EVis,Jordan,Hartus,7oyNS1EEmun48e0yR8
,Customer,7441WWNFZdryGsP1fMqovsStVzd8t0,Ceil,McGuinley,g1XEei9hhYfZB5uCPSBUwax2di6MPf
,Customer,AgQfiUTvjdub1eUVtUaoEMjBVXa,Melita,Ardling,BcyfAh7vLFsKqaJWOBldFnNcdjb
,Customer,LBKp2r0685Ogztxt,Melita,Salters,zTgRmWrnQYUjcPrZ
,Customer,WmBzDB56GiKx,Natividad,Goolding,guSOqU7BOmNw
,Customer,SYIeRuvXhoeeqLo8aXu5UQhXkZf1,Terra,Regglar,jD2K1HzwuXjtZsF6GF1BBGAEbak1
,Customer,No7hqVBWM4FJ05zEsZIqD2eXZxKXP,Bone,Regglar,PH8BqWIfilpzXiVWMMA6DIsdMjWkx
,Customer,SHmsWm3d5TE6Bsi1h4iNfkW4CS,Jacenta,Giorgiutti,CmeXNj4rGRkYNK8IS6wiw0CIfS
,Customer,H0B4LIxPYvqacEBVe,Oberon,Killner,YcENs5MazhigRvL46
,Customer,RWRAHAvhTZHMdK8iAaBxQhzdeM,Trish,Byer,76WyfDvWQGl9AaPbvKghtdQZcu
,Customer,DJjfpknsZd5JCdveJDhHTSZzn,Joey,Shirland,5eP9uLLb7XCXwh4BZnLgNZS5U
,Customer,skCEUiyEVAnskHlWu9kXWugdsI,Jordan,Duding,P79boPfETdaZDVmbrUfGyyP5Gl
,Customer,DVMYIt8TvbOkmxWnn,Cornie,Avrahm,xuMsHoXGyWQHk7gDk
,Customer,LrRfZqsVySqi,Kat,Reffe,ctuCEJudcGqW
,Customer,t1JkO3Hpu1lwIqYDKVjr7pCC6KOqMz1,Clim,Avrahm,vCEM87UiqaA0GSciRFAvGeqTRVQW2r0
,Customer,nOX1C5KWEZSmaY4cU,Jerry,Boocock,mwGTyqMuVOrerPoBu
,Customer,EZ1hiQrLEsVTN0w2nxHT5T5QN,Stephannie,McKinn,sl2FhEmuraodw0MiHdmbfZDZb
,Customer,hgyFB7pgdUXlmRD,Nanny,Jakel,tRQPVY27ZkRtDeS
,Customer,AX9QnJA1RM9lp5k,Valentia,Castelletti,ZZR7zg1NwQW49OV
,Customer,Upo8siXOItzZ,Manny,Enderby,8wRyVavl8ZbA
,Customer,euivArbaipWbXcpLWfU8WHed062n,Marcy,Haslewood,TU0nAPcjdvNpayvmemWkRYvK7AcU
,Customer,YhR9dRdtSNviwYx3FX0xOS,Ramona,Enderby,WM8yU6Uo0hMIrGop8fmMzr
,Customer,JYugQIAm1oTuo9zgSXVm6CIGUNcLBQt,Vale,Isenor,2g0ZxGagzGXWHcsc2KbeD8tMAx4mwCj
,Customer,68ovZG9ZqoqmZc,Lothario,McGuinley,faVMIdhd30SBmD
,Customer,MGFWHcWE8UNNVSh10GmI,Kurtis,Goghin,ecwZMTn01sLZD6Q53KwQ
,Customer,oxrcmcIJ6w1fX3zuP,Jacenta,Pendleberry,qK9rr1ckRPyzrCF0M
,Customer,IZWCvsB3inNlb2hbLVxH5jDaf2YPe9n,Jerry,Castelletti,SG1nzL8v11DfuBtPZXUW5TFVqcTQtls
,Customer,ZegIx1vB3x,Moishe,Bakhrushin,uLz9mTgejg
,Customer,nxEYlsaDU8S,Jeniece,Sayes,QY7QIR8gUok
,Customer,rZPe56PqNkgZ,Kelcey,Hansman,SLFfDsWajVC3
,Customer,QCCIB4LJj7AdlFdRe3A,Felizio,Gyorgy,BXwMo959yGtQbzh9vQu
,Customer,WEw4kpa9M26v7tba9TYfSIl,Bliss,Varian,ZOFaJ10LfF5r54zVfcCPUP5
,Customer,vnZkkD4vvNQZz0ynYIkei61,Yankee,McKinn,RlX7b5S17HKCiRRjAWinvUn
,Customer,qo3jP91yxzS0gZfKTqn7RCNFt,Kelcey,Munnis,AK0kcUpldOOstO9iuKQ43c5qa
,Customer,HsoGkSg2P8392xvq3Wv4eHmDaVA9,Bliss,Durtnell,wKFUGX1By6wtNPlTkvH7novuj4oF
,Customer,QgpX9fmM,Valentia,Joannidi,vk8yshY1
,Customer,Tt4LIwAJQHANA0Op9CZtDdK4etgKqY,Dita,Mueller,zyNlpMaqm9UQ60a6QQm0iyTOt94A0K
,Customer,5NhQfjfrfhT,Helga,Burges,sySQEZr3nkY
,Customer,jxRMW1uFvCvmjEdQkiYY1cSM4,Tommy,Tonry,5vfh9n85IG2F1eZLIJfJLJ98R
,Customer,fc2GDIZTjd,Allister,Foulsham,smPdJl43QH
,Customer,r6Y0NJJlvndrv5lG,Sal,Sayes,yX3VDNYStDjZ8r0A
,Customer,ivRLq57acXmv2jwqM5R6pfbtALKO,Sasha,Rabbage,FyMpiqu4FUOfD7k7Vco3kIxB1GyK
,Customer,OZcvCJAtyGf6jMbqkyOLJ,Kayne,Rickman,oNJmpfW9x5ZI9LhDGwqgd
,Customer,MimU39O7iDt1o2eLABcqr,Terra,Pendleberry,DjKYXbuW2NSFcun1cez67
,Customer,75cI4Rk6G8pS,Marcile,Goghin,YxVrmP4MU1Eu
,Customer,ogk7c0r9slj6,Sasha,Castelletti,rP6qpDcelB7T
,Customer,c16lPbLPfUXSLAI3M2xWdI,Johnny,Killner,bJhvlO8UblOKfgwiFjEMHa
,Customer,KBhCN2tA60,Allister,Spawell,jn7qvaWoEi
,Customer,oCbewIAlmR2bBnEF,Clemmy,Geely,QhbuQ4JMhH9XJU9K
,Customer,mYpwFvZGJq,Rustin,McAuliffe,IQWdpIsfDx
,Customer,fXK2NyAAuzSNyUX,Nanny,Joannidi,TuAqFNGHFwcgFKW
,Customer,UjUN0lKEh,Rustin,Hartus,UiqfWPL7Z
,Customer,FLYKx7L7bcK5l0AFEh4q8wYalhAkBd,Tommy,Dewfall,BGcGiKYPRaQmbRXYWQhCFiot1CJxuk
,Customer,YSTmCDUtOg8jumxpX4TK1ZiW,Shalne,Goolding,SDQtbAByMavEmu52cMxJC2IN
,Customer,SHEStVPusRF0pF,Sabine,Durtnell,SnuSOchIiFvR01
,Customer,S8KsgnpKqbF2,Almeta,Klimkin,DZEWj7S56el8
,Customer,UM4PAKA4jWX77vy4aTedIdhVIjl,Moishe,Bointon,vWBmaGI3snVrRiuSjiaTrNsqPRY
,Customer,rSedOhoiwwdoKZZV,Kat,Salters,bluh8rnpKgBm3I5V
,Customer,d3qwACJ3OeMQvY0c54K5vMFv,Nanny,Duckering,p3uEgqnN27tik6hbHYkE0jJY
,Customer,ehAtA2Uc,Gearard,Joannidi,7X1njFuC
,Customer,Pkf6RSeYpev,Lothario,Dominelli,Bzh8HfZSHOa
,Customer,q2Qb4VGQAu5KF,Allister,Paoloni,eMzARERTKtJxf
,Customer,hevnozdumpxwNOOgFJhASq0Qz,Corty,Hansman,yzWhw06ka9KhPrxWDribuCZhw
,Customer,FVbWdJ0ghP32WhCzkaQp,Rosamund,Hansman,zCladMMdpDXyCIFDrv6q
,Customer,e5wpUA7hgMS1UjzJKhUayBe367,Ramona,Bointon,jqaOc4b9jpUAyEpl4bmvBy1skg
,Customer,nblz4ddxIwqW4IniozygHclFy,Trisha,Spalls,pBJ8scIufiOawObo04cmCszrv
,Customer,F5wM9ghw9O1jL,Moishe,Varian,ZsZjsB7Xc3u2L
,Customer,W9kHMVyDiXudMvc1,Kelcey,Gundry,SIKlkXgcw7lHkFC2
,Customer,9Z7dYUvViYxaoZ,Nadean,Scraggs,Un3HxKcJXQCYqt
,Customer,HaCLwxcwaOdraeumrRptoRTimCBU6,Christoper,Duding,GbzBscOFTlQpMK1JAXpa6hbkVr3Pc
,Customer,sEC49cp1MlvD,Trish,Killner,6MPtIjPE8PYF
,Customer,z0Wi6vu7PKJQPWRPx7NpPgvrbjsb,Nonnah,Shirland,HXqLKKnV4wZX0Bxdij9bteQVWk29
,Customer,vkKPUjiQDoUI3,Matt,Shedden,8exGFBuyHePfk
,Customer,qy3zxuzbQW7nAowyjeUsdvPzM,Ceil,Younge,nUvqR5BbyjSYfthbeB86HREqh
,Customer,LhPtquJ7e2HKC3u2xM699XrRgNQGF,Rosanne,Van Dijk,oPkUV7cBLNenSonDkCkzDrNgm51y1
,Customer,TzB3GKqzFpahk0HwiiyEJ3Bj,Bone,Beceril,NkMi5q6SEtuYjcJNwFEeCBe3
,Customer,HsiiUPVg4VmLCnz5sgwmW2EzKST,Ernst,Klimkin,pyghLldT5ID3t2jc2d5hOFPL0iX
,Customer,egwP7Ew0B2GFlMAgi,Ceil,Bointon,CLbkMzBTmqRHNEgNv
,Customer,AlyN4eQh4QB19hLESwYn,Johnny,Aldham,G7F3HO5Izi3KGGSn6LD5
,Customer,Tdf98WtsEKsYuyN,Marquita,Regglar,S2ojOQNShKPddvG
,Customer,oacfKeiXKmvwDNYqcM,Shaylynn,Beceril,IKu4EkIqVn3fW8FBy9
,Customer,AX0iHVBTUUB,Nonnah,Jeannenet,4hnDp9oeOrX
,Customer,37g23Io93cfEbRm0KQ6bb,Sal,Beceril,J1pV0Ix0slisw6dpnkFk3
,Customer,KE4tTd3kCxqtHbLwL,Lou,Corr,lRPQyvSfZaaSPP3Oq
,Customer,fQyfcsc4SAV5xJK5fPoN0,Tommy,Savine,dtS2cLmN4b4Fht29f2w85
,Customer,7DrSsjrsy1MAkoECXIPSDM,Torrence,Killner,YA4mxgvan72tl7uUqkrcqU
,Customer,YrIxg1rvGbN6jJOofnI9,Truda,Younge,Kg8ctpJBp0Na6LYzWAVE
,Customer,FJDUKMMcmGqnEl7Xj4ynxgY0RrFK,Lou,Panichelli,nbhaEyRmuxBIIIqbwn7ukXKTlAj0
,Customer,EcWSHyLuKd9j8rKvlQ12e,Rosamund,Joannidi,McHxrS1NEnVox84YhjBk0
,Customer,3swoLk6rtAH4Vscjp6hD6Ud,Shaylynn,Gundry,nh2fVgMmp9J2JH7LoL7lyym
,Customer,3aA77hHpf3pkAd9THyd,Ramona,Jeaffreson,en4ZK2VhWFLvap979Kx
,Customer,jrZl2JIDASG,Gerda,Paoloni,CvtpBw7XQwK
,Customer,xPbv5iNPAyu4Ok,Kurtis,Dael,wVuOM8KGRWswE7
,Customer,aegw2bVFbrrnfKmjNHg81,Jordan,Frickey,xhzPeQjS5d1BqlxRw2B2i
,Customer,UadIaPuMS9BvxeqAZR9L1tDoodbn,Lou,Goolding,JXI1qOoX1DojkFArTzsn9uv9cXYh
,Customer,4S6xDUtsF,Almeta,Munnis,S8BntkPK8
,Customer,UmXAq6ux17DdlbFOrhPKySGdsa2m8HN,Christoph,Mardoll,Jd3cFiuSztjpzD0hOrRQGoycd2kmgGO
,Customer,24ufXARQ8LN4rbIkCFKIDkIqov,Jeniece,Missen,1Jfi7bgXj0QqWRNhhKwgh14VpN
,Customer,cWObHLgz2mMwZOCKJ,Cornie,Scraggs,WyThHSKcFSPPTbk1u
,Customer,fPm9NZT1tiyhlZSToERc1zjIbrf,Myca,Gundry,PxrMZQvvPFYZRKS7s5wHLXzZtFb
,Customer,5MRyOy18BsV,Nonnah,Mardoll,KloDyjwdvFg
,Customer,WpwNkIeH02gxpCy3EYpGQgE7Wm3Rcej,Truda,Azemar,ViHP17UiXcmxCFDC8kAR6s2HlbZBZIu
,Customer,gJ6mCuflJq4ZFjimmZyiIuDR,Felizio,Durtnell,I93K3bya0nQ1Tcry6RtQDIvo
,Customer,cMokAo58E,Shalne,Washtell,LzMYSuVJ5
,Customer,wu5h9Q9GKHwokTQG4CI5vbH5YqG8,Felizio,McAuliffe,OnrraUb1kXmjpgS6MgJAS0QwNbAy
,Customer,cSHCgnXqiDH,Vale,Mayler,JXtBfuF1Ov8
,Customer,RlZ1mP9KOXb2pxZw,Nonnah,Presser,1DQcnj93Sl6MRqr7
,Customer,NbnUybxb,Margaretta,Dael,7hsC8I8k
,Customer,clo6c3WCW39TNd0NsOaoLEgqzE,Bliss,Elix,IxSRXcEScRQ7F9HPqDpvpstYci
,Customer,qy08YP5R9BrZFPTfqTNxNZZfvn7imr,Dex,De Morena,x1bnKgcGSsGOJnl45dkq2UsjJeMmoh
,Customer,kHiBT6ySXRyqyw,Shalne,Giorgiutti,xDCc8QV4z9s5Mn
,Customer,crA7phZ8lZOq7o26J7,Rustin,Tillyer,TbzEtyzxORyU6ot3tE
,Customer,aDCjdX16x8D,Melesa,Frickey,vEnp8PmF9Vs
,Customer,TvUsCY0ZQ4d1D,Ceil,Roubottom,alUaRSRbPqaW1
,Customer,tQ6Or1jAe2SaLgGPeYP99,Marcy,Elix,zg3RUhOBUzP7RmubQBlCi
,Customer,lj82U07UQU4uKqe,Kelcey,Giorgiutti,ymAFOFfD8Zjxkx4
,Customer,8v0mbK344j7UyK0Fx6EQAdm,Dex,Dael,7TcHQt3U0csaoso8ct0mcV5
,Customer,mMrKrLNSMX,Cornie,Rickman,pevIcjwC3c
,Customer,LyPLiO16,Truda,Beglin,w30NnAgl
,Customer,lTBMFD55pkyQgY2WqYBRTEsXIdBmJ,Rosanne,Spalls,ppQWGPCyTcWInDx34hhxfRuPWrDQI
,Customer,91uk3euELWI0WMVUJgAE,Truda,Boocock,tJ8WVlkvufOAe3a6Xqx6
,Customer,RdGC3rIDSAsAa3,Barn,Missen,ugO9bT1yv9QKg1
,Customer,KBzbNmJhb,Corty,Spawell,tGWTlxqjX
,Customer,XRysEferb5n7s8qq1Thmqb,Manny,Dewfall,CUPBX2gFNffFYLrp8WAg0k
,Customer,g6n16f7bVSg4yw4fBIgOgiOe67M,Barn,Davisson,LGaHgWytUWVnBNwRFUQXO1faHdh
,Customer,vZHYoszLWj8aNaSpBxMXYh66,Salome,Varian,2yxpEowSMm8uc2zxWW2nZan8
,Customer,xltdfHMI2ybDWMVLWKl5mDl9Q,Corty,Sayes,0x4vSrK6LodOKx8NEbHrAQAVl
,Customer,qKjD6TNSc7u7yc8lYf,Anson,Holligan,lDRijzMoFgT5xwmfDq
,Customer,lFDodRGOhoHibzvdWeBD3FX81sT,Almeta,Killner,II9Uymr7hy5NmhJbcbqHBNmIcxv
,Customer,dxdRyJlk54XwrRkDj1C5Z5,Jerry,Goghin,qrNq7Ciklz0foCkVae5WtR
,Customer,rtZWzKbWH11MY9yZryhjREia,Tommy,Savine,vzBbIsPIuhvovPh7OFU4iXkF
,Customer,xtjtACOMGiO,Richart,Mueller,eqdIE2J0723
,Customer,hB2YsWQqOgmb5Yq6ONuo,Sasha,Elix,ORXWA1BcRUwYNXQkoxIt
,Customer,HTGE0NasWcCCicrJuU0hlu5vBx,Helga,Munnis,QQnfgARupotUCPGcOhkYrKE1kz
,Customer,XhDqmJFKMgR0C7fg59q,Kelcey,Roubottom,aR1sknyIZ5t6LVVg3Pn
,Customer,wGSkM6CSv,Osborne,Dael,tWxSKgPr6
,Customer,9qFHgHV2Fl9C45vUFj4,Gerda,Holligan,4UB0rkcGA2A4SxOiCqb
,Customer,Pa6A3VXri1,Kayne,Spawell,XjmjgyqGZW
,Customer,a7Uw01dW6i4VT,Bliss,Dael,mwljMhII9vUJu
,Customer,IvADEL3gF2D6A,Melita,Boocock,TOSrQgnHwLnid
,Customer,AeZHWRUKzzYCoDxLwrE9Ni98K,Lou,Aldham,E0ZCbmhBaTefCVLL4EAkdxW7f
,Customer,PSbltjqvanqSnpEBuidbDR6zCn5xc3K,Denny,Tonry,h0EBbxzZ4bspy2H6LX8OpLt1UToGFxO
,Customer,u04FzRNsu9q6LEh,Christoph,Avrahm,A7DbI3iZEOFz5Ii
,Customer,3vivzJnnCAIbJMzZ2uYro,Tommy,Aldham,QZJKgryb8TGf4xHihqSxE
,Customer,BRXLTV9NE8fPAz,Grata,Bitterton,t0hNLEKt08uZd6
,Customer,cpUKzB4qljB1qtub,Moishe,Varian,9e6OpFjOqwUzH9P9
,Customer,PfgtYD4YcMIl,Stephannie,Presser,eN2G9QJgq18f
,Customer,gR0XH3g7,Allister,Frickey,EQIxB0v2
,Customer,2YxHLWjfmDrFWjhWoEDH529ealn,Barn,Spalls,CWIiFjN0z2yLBLFMebLAT1Z77FN
,Customer,VCJiPjalwnI79zuoBRdV0R,Nadean,Munnis,oS7vJmJER5U0CjXZKqFhZv
,Customer,grqwM3OJrZXp3L0Smvw7kYDY,Johnny,Regglar,qdLBNSflxfsAguIygYcHTufg
,Customer,kKZICFVj,Neron,Percifull,qV0hd0wY
,Customer,fyoerPQOSoOn2o,Hillery,Castelletti,9LW751vJjXIq2W
,Customer,d9xsdMUQ0VoeUMf3hkOBy54mCB,Dex,Panichelli,dHJT0vpuTdgBvPOofZzFRqeBVz
,Customer,KcAufDtML6VNWqy9DfKA8tiB8au,Trisha,Younge,1glftpp1r0S6z1SiBsmpaoUKzDt
,Customer,GcrbCmAkp4tpK,Nadean,Landre,hrPRNTEtwssGd
,Customer,TfsckNFeHux,Marquita,Davisson,CSYUwjpKOXx
,Customer,K9MO6cqlYtjv9uXmAkVpfmgeaWUetLH,Shaylynn,Jakel,xonfo9w559WAW11QDoiCJy48FsoB3Dx
,Customer,HW59jfEGbf,Salomo,Emmatt,q829lIjDr4
,Customer,BEQXm4FAbzEukg,Rosamund,Joannidi,MW7zNiP6KaJdCb
,Customer,aGjSAF3p,Grata,Durtnell,1OY9eA4x
,Customer,nnw6F5KvDRfsLXHYNCli5GV9uflo,Rosanne,Brunone,gGaftsUpbJBxBh1RRPYhZ8OFxkKH
,Customer,smiFaBVk,Joey,Dewfall,6azoJitR
,Customer,f4UR8sUqrTw5S0YxySxW6mw,Salomo,Burges,sbIFpkacfUYd7AlvOTSNuLN
,Customer,57b6im1KTHQXVYHMB,Dita,MacDearmid,WWh7QL1Qcb9IKDzB2
,Customer,vjnmjafwog8YqPikkdtcuLzGw,Bliss,Hansman,eoiJZ5PZJoKW8QU067g8WdmhA
,Customer,YTD9fSqc2NmGWCbL,Nanny,Bointon,NB84DFHRAltLhW17
,Customer,SC5WyxK9h0txhurZjHT6LpIR2lSgE,Neron,Joannidi,hWelzQe5CClPOEYOIQxqhEqEJ7mBn
,Customer,i4FTHUEiOISk,Bone,Azemar,PMWKW1cj27iP
,Customer,W4GDOWn92eKZ4JftXxLU,Truda,Mardoll,zuQDIoBVvCGQO2xKKbU2
,Customer,LUuqfM5oLrLUC,Manny,Dominici,g22W54FBCeh6V
,Customer,6XQHNsR9WW1DNhDWZg,Trever,Azemar,LHYZWZyq8kS762pF1b
,Customer,usqVoytc,Jordan,Pendleberry,7uuLcIVt
,Customer,3jyeYwZx9Tclebd5yQRgpn,Tommy,McCallion,UXw3R2fyqHqODBu66SHQQQ
,Customer,MTnKS9nqDANH3lHYX6m,Terra,Bointon,3BYlkKmqXLyQJobdGYV
,Customer,EtcSTec8jxg4m2Aj8xyC9ZVK2OJJ,Sasha,Hartus,gtdzfJXV5FxWQb4Qmq9Ds8gXON9D
,Customer,obfmVpDvTzKAvfwwxqSy4UCzn,Gerda,Elix,gIZtZOReDL8yRWDwQmiZr6OlR
,Customer,zMejH41ZsD6S,Christoph,Goolding,se7E5jQYdOcE
,Customer,jN0khmGfs48v9akUcfXKLnAgtAkbv,Lawton,Spawell,wISrSR4FuCog0F4HU4UpsSo3XGM33
,Customer,CL2H78LX6UIbGty,Cecily,Reffe,ReruETFkclMYUxN
,Customer,BAK452LOB4t5Np,Shay,Jeannenet,UxUKqbjBJUclBL
,Customer,s3FxqfltFSH,Grata,Roubottom,WPGIr3fZyM2
,Customer,pT2qcxQQl39L794orw,Jacenta,Pendleberry,3r2afl9SdV73HEd7mg
,Customer,v3rUftEdQ6QRkq02j7yPkeWV7bl,Shaylynn,Roubottom,fEvwfRrxRQhsLPfeMju8cd2Vz6e
,Customer,CiqBh741eA,Clim,Mardoll,gCpuTldOij
,Customer,j7Amt0z4KWfCldKsP,Stephannie,Roubottom,3GPB61tWKRMXxuml6
,Customer,qMpLOLPKX8unBWkDVdnHdybesSu45x2,Lou,Joannidi,1EjdpMMsNCgzw5wqIWT67XCwSQOaovK
,Customer,WqGN6tg0GcHs,Osborne,Dominelli,iNOzEPfSNUak
,Customer,phoUNBwpi,Lothario,Varian,ZuRClloMM
,Customer,OUUctYp2hzKEegKEZTwIAt19CZJf,Rafa,Enderby,xNI4wCSgQdxbdJqusvINbClCubOf
,Customer,nrIG2YAY2a1aovBt7mMegXE2izv,Christoper,Regglar,ICIiPeySdb7dq9kUp3xWvNydck2
,Customer,sYmsKERm,Natividad,Spawell,AIU0Z289
,Customer,TpNvvwvDJGFGthN9vsttQkzTS,Natividad,Tonry,O1y5Qt54fi155yzP0yieeLWrx
,Customer,478N4xyyuAxO1vd,Moishe,Rabbage,tQOq1KH4wvblGRp
,Customer,a1KE1uItCuzun6B4iTBK1zmsE8O,Vale,Percifull,uVu5wL1T2gBV3SnQtQLw16saatE
,Customer,GI7TlRJ1QkxJI9zs8umhH,Trever,Mettetal,DzXpHNTsw599UKE964WoS
,Customer,syDG9YDXhis,Corty,Dominici,n5TB82Rrocm
,Customer,c2JOLJ79gJaMSpUDbUlxUdRTtZolT,Marcy,Aldham,hUedmaHqDVGRwQRw2M13bFgwGzgUG
,Customer,kF8Qq2c3p4bKp0CFvMqL5mxhKQYwPc,Myca,Burges,vyM9FRh2ucbEW5PaN0LkFWakmGVAVF
,Customer,2A84BQoWbJn58M7gKjtSg,Kayne,Mynard,YBgondAh2X1p3upRJ2huw
,Customer,HfODzNbBpTgjadkLnjbJJ4Zc4,Kayne,Burges,PhyEAi2Ai9IcdoRwarzcvTNHT
,Customer,9UqLlyo539cpr3aG3X27yV33bBxqjv,Richart,Gun,7MRWYJN0atd0cgvIxBtWlYk2Gqks0m
,Customer,wv9rbUasMVQLqNB1lBD7s8K2ggvBI,Jerry,Mueller,2S354n2otfWPkaV6hraHM2jnJquEE
,Customer,tZtXeS7dJcW7EH5TwDlMAoW3,Moishe,Spawell,X2aaq0JCaXeqI9SfjxtQDJeq
,Customer,SzFiGrtfPRoT6VB9BoEdekorfyamGg,Tommy,Scraggs,7JfdVz30PyCJ7iYIoPFqOzMBJqZJDF
,Customer,9e4Rv4XKN5Q2,Cornie,Roubottom,7f2eHlqoLJde
,Customer,ZBI1woy8OANnnXz3XF7yaCi75qSxZhX,Helga,Laxon,XoK4EIJNqGyL0xMj3APYDRcEMMh4kT9
,Customer,G3kixyzWAVT7Oxy,Cornie,Stearley,Gm8aDGbLjBpYtEG
,Customer,g64MmXEnTdaeP90Dv,Torrence,Boocock,4Xyi1cfPwkdF4FsCl
,Customer,FivrK8e4LTPDY5EMdCo5V6VtfkYL,Myca,Boatman,yph48g0l9p72nMANga5x20qbt8CM
,Customer,rwO1F9Of1JRUVq6fB1,Jodi,Tillyer,jJKclDIbdhntLrBuwX
,Customer,Uyreh9rGn3EfOoyq0v,Felizio,Azemar,J5qhfcNgE3o5igNtCe
,Customer,0CSLOqJLxJZbbpgX5Re7S1RF,Tammie,Gun,cilXfd17Qv0SYdPVfPOezGOT
,Customer,SwdfdPyr7WYT3,Kayne,Gun,5RdE0rKH8xcAM
,Customer,GEQLSdtNqF7Zw,Lothario,Younge,1uoSbsRANZGi5
,Customer,ULfwBCiHehHYZP,Marquita,Jeaffreson,LPWY8267qQ45DG
,Customer,7xQx3TpcowK9PTwm,Tommy,Panichelli,aDuQCLqm8YfpPMBI
,Customer,mY5zXAoo9EPJ3i,Christoph,Spalls,fVgtFFEyDzXIZk
,Customer,v6WxfOPSqGrlnVf,Jayson,Hartus,bkac8apQlfmpcj3
,Customer,o6YbvMl0DKp60fq2RIFOKBerkDtDU,Marcile,Spawell,ntJxUGllGFvPyKHVWbxsGGAgeORvD
,Customer,ncFIHKGAqSW9eEl949Qr4,Almeta,Killner,bGpQphRFaC0bozjG7mbgA
,Customer,joOheyQ5bRiaqALeNl1,Margaretta,Matveichev,uMhzedE12dEnM83fdc8
,Customer,R1m0zkqZ,Margaretta,Mettetal,lZCmjBla
,Customer,2xOGxYR9JM67iEuQ2r7ucfLYMqW5,Clim,McKinn,DrtHk5NMiLbvPhUqSfJqcGB3zNZK
,Customer,oVqWlGuCvg9Ke,Dita,Goghin,HE62vyRjT8NfH
,Customer,iFy46pmoWxbh4OzrVCx1,Grata,Joannidi,Pil0vfWBtCrUhXR7Vno4
,Customer,E7So8D1czDRYpM8nUgniDT,Valentia,Brunone,7XZ7UtLsWg3akRjYqElJCR
,Customer,MDIr8abcTphn,Gerda,Gundry,KXAuHs4joPoD
,Customer,jx3vPBMMFliovqdcDGV9J,Reinwald,Iacoviello,gYNTMpf5nZUguFPVMFiex
,Customer,Vg30VIZAFYO9Ic2qipr,Jerry,Mardoll,0pgsUQnDuyK9Q9nRCQn
,Customer,jUlzhIl6f7ywItpKz7,Sasha,Klimkin,8NVRZbxnyfCowIYJpN
,Customer,GG4IBffGzfUGGckJjfilzBv0VYS,Bliss,Geely,JP6hWGRWsAYYrSqLp1KFlHM95jN
,Customer,QPDFmWvSNXWO4WYtI,Kristy,Stearley,5sMjcNGSQyBseKX9p
,Customer,3mkRU02HxIqDLPS,Ernst,Durtnell,BT0tqELELC1EXZa
,Customer,ZNwnIXXUfwVrfdN9h1AOP,Tammie,Munford,1mEcaw8Hcr3o7m1P8K1q3
,Customer,MGUq2kt9UPnzCZUMO4gFjDcj4,Kurtis,Moxsom,PhLK3cF1XZuUITAu4w3VZPCGg
,Customer,we89DoTlRYGIkr7d,Jodi,Boocock,mTGgKBLfBYWrrQnW
,Customer,J8X5SeEMutVJrVXn,Osborne,Dominelli,pjRem31KlFJ76xck
,Customer,Xz1qnHlbwX7IKGB89O2Jc,Jayson,Castelletti,aDfxRxMUJgS2zsOiBYD8M
,Customer,hmVcX4VDYunAn31OQmHlLSpDfK,Nonnah,Klimkin,IlBPz9QZPbWw07xHqkWFzPNPYx
,Customer,4MJ2ACzG,Valentia,Hansman,zEJR6pnl
,Customer,c9UvW7cKIsttyvt,Vale,Roubottom,vX35FWuygfbYQZK
,Customer,8t1pFlTVEJLxJ0bn6,Kristy,Percifull,qgzJL66BwzOZ2hWOA
,Customer,zpZPKgULbR2A85JKnyW12kZeOPgO6zb,Dita,Stearley,HRez8Qy82K7JooXsn4Onksw8CTsJ1Z9
,Customer,yDutKwZH,Lawton,Matveichev,R9gtpKo3
,Customer,S8JGRUhMS,Kristy,Mettetal,pP1nkkQBo
,Customer,VshFTbUyAOi4wcUIfSeTEZ6I6D,Natividad,Iacoviello,KxDT15iXk7nyBw3OtQr4jtIvWU
,Customer,G0Z4kwot3rVDvXPTzigxnWBt1,Donelle,Varian,sCEPSAlnoZ8KovFxZmns5nf8m
,Customer,k3sZH4IdfuNB,Donelle,Tonkin,xNSj9PEQeAdx
,Customer,giGS1S9ljgy3eG87n,Melita,De Morena,PswJgnBRobnNHxvQj
,Customer,LUzRhKzEMflt8KgBsVCB,Jordan,Rabbage,V5QuqKPEcSwQiMNXSmQL
,Customer,NJDk3xAYR5pyS5flZt5,Marquita,McGuinley,7Fb5FdeiheYHUOvEuJo
,Customer,24PDu7hkiSOrFqUIIA,Margaretta,Durtnell,QM88TQ5mOO3PIUVOCb
,Customer,8ImA4X36hY6gRw9GUGnfHKAkJ,Osborne,Foulsham,HVrFIwiXmwKsUQL9Ij8FlbB2M
,Customer,N3TGqvZhSkc8jjkrLNxoI,Nonie,Hansman,5KmthpNu3XAaLRQ4VuU7w
,Customer,SelFVDgLyMhQqZIdjM,Donelle,Spalls,pqgPiV4CiernOuT6TX
,Customer,Jhd56G5arNRI0TKQ,Rosanne,Jeaffreson,lFbIOYAHkLxJkARg
,Customer,DmKhCpALr3,Barn,Brimble,AL7iQglhcp
,Customer,MXp8jcI51NXOUExbYf6zkwulsIpi,Jayson,Tonkin,UyBr58IZ8uQmV1yvLDmll9vhi5J8
,Customer,ijbb9GhEaPkUsfGVFQ8YGrgKCIq,Gearard,Scraggs,mGSzgACuC9XaR2ceGdvV2eNK0GD
,Customer,jCw2mtytPV22,Trever,McAuliffe,lYTMYhPBBifP
,Customer,AGqlA3MVSyDmEAzubQjqrqT9hUl4x,Torrence,Frickey,QOQBEwYvhxCdn4cf5GvKATwL2AFqn
,Customer,lJTgN2QaVOBPMCbPaXBMNVvJn6,Jodi,Goghin,mlrRpmySaXm1WM7jOy1inQ3Lot
,Customer,clhC3wPgGLwKV8Sze,Anson,Byer,U7GN78zoWZ6u1E4pb
,Customer,iVzyXHHUSqU48C9tx1wC3KJBp98fMS,Rustin,Mynard,znKB8MxCNNJpSZlnMAhes6yj6TXbRr
,Customer,QeWjjDcjWbw9P6pz6jsCBSMt,Jerry,McAuliffe,8x9jBrM6RjExZhjJ38Duc80E
,Customer,gPTGmurDuwWxd2EYIjJdiatY,Nonie,Younge,ROXms3mJHUhPe67VLwXp8PGF
,Customer,YweHrRWf37sJHdgkEP,Oberon,Van Dijk,3zNfSgZPdZC2Xcg3Hi
,Customer,1myYn5gqtEgZZh1zhbcvm3Vys,Nonnah,Panichelli,JxPyYMlAu4wuvOoAnns4jCXS6
,Customer,YAAT3svSrIVKAoLXkWkSYhQgqsi,Hillery,Mardoll,19BtM3eJnaV133lqFqIsbcVhTOx
,Customer,vyYXA2PBYvKulizA581uZv42RYRN,Gearard,Ardling,HBrOaRRoKdXjB8YnN0hHkFz6rXXa
,Customer,sS0FZ70c4vVsgcinqpe44wOh,Agnese,McCallion,nvEBW9hyYNfwJ55tOxAQr4Aq
,Customer,QlPDvmNiL3Bmc1ARDGnSX4N2oL1,Trever,Missen,4nW90UThK1KyqVHwcscIxYcp7MJ
,Customer,7SaMGASa3,Hillery,Hartus,HnKpIUx0P
,Customer,LSjYhG21nd0o7CNznTwp,Nonie,Gundry,Emcl4lKZWPG0stRFc6QY
,Customer,QlTsEJmO7UcDdo3ZRyn5PPUKTwCk,Rosanne,Shedden,2SsnoARsLNCvEt5dHfWVmfr4L1dq
,Customer,cXbXUkwN5ZnHKHTIo,Nonie,Gyorgy,Kzh0zec1ovRtqLDOO
,Customer,y3jkmLFeZXzh7W48wMtq1t,Rustin,Panichelli,Zd5vBi8u31EBxCkesv9yYJ
,Customer,4Bl8196Bom4S2L7FkEJy5V8SUh,Shaylynn,De Morena,FvVIWXIj4SUF75p6o82XunB0l5
,Customer,4EgAzUSRpvutjiOojUFyEPKHXQy,Kurtis,Beales,MNalUpsup1NCydeP2GgU4oYf9m5
,Customer,f6O2DVRQ5Hj4snn,Tracie,Beales,T3YfZn01DQU19WT
,Customer,sCfp83ePV2ggWWdbaulj9DwkfJk0,Corty,Ardling,Q4Q1jfNPMinz6ArxckVVCT9qUqMN
,Customer,8jDqh6D89Sq3klSiUQiGW6WXZy0r,Kelcey,Scraggs,17vCbWWlJpkbnLian6B8hGqdUC6N
,Customer,4T5ahPQ8TGrVpb4hwy7bSbVu7nb17Tb,Tammie,Geely,tKNd1ZBdva1P0P2nodV5r4dOJzY7V6f
,Customer,Q6WQRDBJp3XsRn36CT9M,Boniface,Byer,tmH3pkmEAbXAHMZmoeyn
,Customer,YzS55fau,Kelcey,Beglin,gd023gis
,Customer,K2khTf3EoG7cH29,Sasha,Emmatt,84DOrZZzGVHMnbD
,Customer,QtGHdnfv,Marcile,Pirrie,S5kx1ee8
,Customer,5BijwWpLP6nU9UjuQZU,Helga,Holligan,6BPiwTlkrwb89Kqceo3
,Customer,TTAaZU5qbZjeqFOdQpNOs,Clemmy,Washtell,E00OaXutY4FymyJEX7HUp
,Customer,tfDZJFPM7yNgmqmCKAvg2jh5,Carena,Flegg,2OiKMySAd8Ub3BLMRuaeeBWC
,Customer,1nEyaE4QkMOKJ11HrSxWa,Allister,De Morena,owNcKbGxASHu4VOrlkdW8
,Customer,QIITPwNpprmn5Pn7gIxmTVaoRqj,Clemmy,Jeaffreson,FLZ1tDstKFDaEC7cknVvUk3Ssqk
,Customer,QZt1iMjc9Cfmed6ngHSEUAfwz0LImQ,Lou,Beales,NGqXC13UpdErIsqDRHTVtB9K8JLPCj
,Customer,VW6BGXlk8jmG0HoSvFiAfutsoP,Matt,Goolding,yUVYthEFsxnihG9UXOEpHYt5g8
,Customer,POCRS3KDdJ0t3NoXPwVXf2gI7pH8y,Jerry,Haslewood,piTdgL9HthL1mnzNLzLlKVlPklj4E
,Customer,c1A1DLBhE3x8s6,Freddie,Holligan,qs5b7GbH688xtP
,Customer,N5pvqfuuS7OTyCXXv,Denny,Rabbage,cTNCPYFXm5xmr8RbM
,Customer,3tspUNeRJV5z9,Boniface,Haslewood,G9kph9wvnDaFn
,Customer,uAXwHRCWJKbnc,Marnie,Duding,Fci5fbbiLaATf
,Customer,Stq7ddeavFnqGazGCAN9YVV99,Vale,Frickey,AOsamaR6JDE2Z0QV2JN63B3Mp
,Customer,3YDNleENwXlU86A5n8F2PsSSNro,Melita,Presser,yA54iWTkwc0Kxf1oTw17VBZ1XnM
,Customer,esgbm39kGchUDz,Vale,Duckering,rcQzCCI7whc82v
,Customer,TBQr8PqBquknFyc,Arch,Jeaffreson,1VQSEjj26b0zAVD
,Customer,kwJIMLZe6zeLTNaTz4ENybq,Boniface,Dael,eIs825q3LI4LYv26QDv1MmW
,Customer,OcJA42pNh7v,Helga,Hector,G8Z662Ol4Yr
,Customer,CDaQDeWTROCicv46z5oG2x,Terra,Byer,vKok1TpSP5ddO5Hn1w2v1s
,Customer,MpXe8pY3SuH,Malena,Gundry,Qoqbb1GlW7d
,Customer,YoPAE60dbdlGi8Vq5XW4m4Mh,Helga,Boatman,lEtrbI0IleaSvitwWUkjoGYs
,Customer,NJ7M73KBQtV8O70BBmx3,Kat,Castelletti,E4RcQermp8bbOswaFRlw
,Customer,yNcXwaDQf2CYIe3PDVI2g6p0K2uPL,Donelle,Landre,ju424hnstoaRp55BvYB7qr539qv5f
,Customer,gQzJtmgo9,Valentia,Emerton,h8B8nfKQp
,Customer,nfRfY2hfhOvdACaF7jFm5gXrrpTu,Jacenta,Stearley,bR81EXpdoI8B4RpsEH3aMk1CmYy5
,Customer,EYDqcBO4eWCCY2GOrDnLv,Rosanne,Iacoviello,eSRufnglX8t6w5HzuibQi
,Customer,ZAWJtvxgLfk3MVs6,Carena,Munford,fcHj0dEuE5bfQ6q5
,Customer,Y1ATZBJs0DVM7qzK,Rosanne,Bointon,EUShdaOZkmggC1jP
,Customer,kBhBJ1JnTPhFRV3LvomFp4u,Gearard,Mayler,Zta9tu1QiGkrjfV9Ovuvk3r
,Customer,bsIbHsQ3ZJbYWXctYBImfKw1BPp,Kurtis,Gundry,TeSTf3BGePu52MH5UkVB8scHK51
,Customer,1IUeFCQq5pib5g41HxY17cP,Marquita,Frickey,KkmKrwvvEcTm9vyRgEQ6FuY
,Customer,jCnrzjVmHcp921zci1IN07bbwY,Matt,Enderby,mRfpAS3ZYPevcVaeeAqEiKO11I
,Customer,qk0CtIhate9IQHhnrKdunwn,Bone,Presser,GHzxyWLXveh8JX9e5L9e0H5
,Customer,iOzXtqFLYSmp8lClIDaeS668eXQ,Neron,Jakel,YXxgqwzJkbp2XkRA02GaVoegTak
,Customer,917zsNFVtr6MDxBaPLv5qZaVpqk,Nanny,Scraggs,nDGHg1EBRWNblkRHaY7NAMkF1gE
,Customer,dBiA4F1QLZVnwpz,Allister,Emmatt,sGjcC8spqOOxXaM
,Customer,AE0darxZqWEMQP22CGEPucTN8pB,Lucky,Dael,duihiT0YAbGCz1segmJ4KCVgh50
,Customer,4GhcFYon,Jacenta,Durtnell,dfrQlnjo
,Customer,uiKGZaOx,Rolf,Dominelli,HmpPf4t9
,Customer,ZSQUQrYjyxj0pi5cKuz,Natividad,Bointon,rOQTA9ll4rvKLimSf2f
,Customer,eg4g3jS5lmnbWZ9FLOl,Cecily,Castelletti,juCvL65A6Et51pAmLAf
,Customer,ygxMxJcblq,Neron,Savine,MGQaJYzXDP
,Customer,ZGcUA1fwBl,Kat,McKinn,nMHGugdCvx
,Customer,FEQU4CJu3jsUEEVzJ,Carena,Mardoll,0TFEtncPMm2ZnBFm6
,Customer,KGAoVMDxk,Nanny,Shedden,jI1XhEEyf
,Customer,G4QyIonvqj0d,Salome,Duckering,iBXIkKI80TWo
,Customer,9tut6yODGBnkS942awIXWie,Kat,Jeaffreson,ksAiBzu526H6q7nl9Nv1wDq
,Customer,DdC4GtkaKKviVFynyCFkoj,Truda,Moxsom,1vLjhI6LdoVZ0yzvew35mt
,Customer,rOI397TKzcE0RBVcjW1bHuwW,Rosamund,Killner,7Lf9IO2l57MlbCQgb9sNpYgW
,Customer,P3iMZ9qe6VRU,Trisha,Joannidi,o3FgrWsFYJeR
,Customer,QOCFPx26IKqc6vv1w2cOi,Manny,Emerton,nDnCDaHWTm9vfeJqRrOXF
,Customer,D9iz6GA6AE3hm,Melesa,Laxon,4WUIJInzNh3F6
,Customer,WxNJllSVD5BWhIERLTv7HNZ4iTGZ9,Rosanne,Beglin,0hXZ8q2JT5UwbWshRauhBYSsOJpSf
,Customer,KxVHsSCO0Dkh8TVnkyjt9,Bone,Dewfall,CS3H90Kl3amPAsp6N2rEe
,Customer,ibSep3aKRxk0W0TVQXKcQyMsLm,Oberon,Haslewood,n3ZsJtbtHZkPcouZenqw80VlsQ
,Customer,dB3DzoY9MuimDXG6pBN,Yankee,Hansman,trUiLU3JbboPuzVDYG6
,Customer,CfYjnTO1Y7n0VmcDTAUNdkTYqoe,Stephannie,Frickey,MlzfjExCOCNfI00OB0KUNtjw3Af
,Customer,pfUYoGHAYeXjSmLzPLmS7wDb6XS1OIn,Stephannie,Windibank,LzbKObUU3K3ftCho1GVDDPRD9d8HUw8
,Customer,SdG3MNnhatHqfXf09,Nonie,Landre,5hcwiPLLeVoV4qb8X
,Customer,0dmNLaWdninaS4mh7THAfNLSx8,Shalne,Windibank,764s7QjDWDvVgRtNg0gjQvnCyW
,Customer,p5PiI51y4ZQwbrdHiGaAVmVXqHuLg,Matt,Tillyer,uKu6QYhR6S5U0RM1MvoeTAbwApFGE
,Customer,5ZXLA4VqzN1z7b6DOwjqTFs16bBkk,Ramona,Killner,afKYo60yazditvxXTkvJ5ZTKFLt3Q
,Customer,Xt7QTbopUtHQF9hd30i6vx849Sa7j6j,Ceil,Beales,2zlUVgbawprQjA0j9eQmYbVaHnNlVgT
,Customer,A1GNmQ4FwSwAp9eTa8IGgdiJsVHjvI,Ernst,Jakel,1D40v88T6IbIMqjJvYBfXIG12gPuvO
,Customer,udAMj7w8uyZ2Ka0,Christoper,Emmatt,rTOoQgz5GkTTrs2
,Customer,xJdbh65cYnsMA48A,Salomo,Tonkin,s1YlC9CbbHyl0Oos
,Customer,7n6PospMpA8NuEFs,Grata,Azemar,Dtpt7czn2Ko0T7UK
,Customer,YIOxdesgSZAC1Ur,Salomo,Ardling,ehnMzkbilOUQmfT
,Customer,qbvrTej6K4OFLLqk,Kat,Dael,SOnnSJ1yEsLabJg7
,Customer,bdWO4NCKe,Stephannie,McAuliffe,V4lHDEumm
,Customer,k0eNggoWbSH6FNoTKbP4ldNcd30SwH,Shalne,Dominici,OPNr8RZN31Z02spHp9d4XnRdQXM9CZ
,Customer,H5cFfNd8k5lABST,Shaylynn,Duckering,tAI1McOwsS2drju
,Customer,Mu7LD4kzI5RbHYU91Jv,Dita,Beglin,7cRyutFvkAfKNBvnv6i
,Customer,NiBe52VFlW71hvberqDBL,Carena,Moxsom,WISl93tHadGJEi3BgCI1h
,Customer,vgLbcq7wVEiDNh91wdC4goUfl,Janetta,Stearley,yIA3gRaFHkBQEYScGyABaHNPL
,Customer,unqJMZnlgIaHh8,Jeniece,Paoloni,x83wRD89hRTR4n
,Customer,9eVGvXJO8RUdjVOG68kw23,Salomo,Mueller,cqKauvusPk94toepwwVxWL
,Customer,RH4hdSrgOvQ40cGUEGM,Ceil,Mayler,5Bdjo4ijllzZ6RBuNBV
,Customer,BNaj2mtz6Fkajbf,Ceil,Bointon,b8wzzBnD5pGDqDN
,Customer,LfQpdKkFaw2GLHAG,Nanny,Roubottom,CywEaerftEnLnF82
,Customer,Ode9EuYMcG32xo,Joey,Emmatt,iPwqj4C9pKTD7z
,Customer,TyrRggIZfW1wUMMOxVORnj,Christoper,Dominici,p22ZYJcVeKF35ArLJCfshw
,Customer,Z2tZLQnvAzBlpyQ9QIqAcf9BY,Anson,Panichelli,FuWxqerXgCeuGPzHBoIlZllGS
,Customer,JZmgi3z7YI8FOSzQSTWAiTXkFfjP,Rosanne,Bakhrushin,srRKoqhemffRvy9vfdb7b0MbboJq
,Customer,a2Cn4ZMN9ySa7Ow,Jodi,Haslewood,ZV0CxNdKKQm4JmM
,Customer,8fXIp4qWCEfpJ6G,Clemmy,Landre,Q9lnbFBtwZmqDlV
,Customer,VAbJz4RE,Salomo,Matveichev,f3gcnXYR
,Customer,bNY40q76,Nonnah,Azemar,8dsA0PZw
,Customer,IhOh2FsQOc92qnE,Richart,Van Dijk,J5FfskCTGJ7QSvj
,Customer,NS0y0fbKctl3iIIKiR1KZiIV,Christoper,Jeaffreson,tk9Af2W41P6li8pF2ZzaOiLk
,Customer,HZJ13PxBEgIzz21,Marnie,Rickman,SO8IOu0YZbBwKFP
,Customer,zjJERKhPi3GjQRXS8joGgUk,Shalne,Durtnell,F0KyRrlHqNGvyqxrdAAmyWf
,Customer,8iEpIf95J00I,Anson,Davisson,WAjkaMqjuNKT
,Customer,wHr7PW2Z6NJ4gQMBpu3,Rolf,Joannidi,XEV0VPrDOkFZL386Gtz
,Customer,M1NLDYfpqCPidyWBPSpEYsyQ,Trisha,Ardling,WSRYrCGfMvXPra0BpiRQqG4C
,Customer,FRI0oEm5unqJkagz8O,Allister,Pendleberry,TthIWJMGF8qMK1upmf
,Customer,FD18vdixPzxNY9ew4z,Jordan,Geely,VJfJSrXebWP4O8kBqN
,Customer,hKbRNQsuDyBa,Corty,Binion,jSZJYisic4Ko
,Customer,UIETsxbMBrUmYZPNJ4,Christoper,Hector,7bhr8JoGDH7eCY4ton
,Customer,rE3FRo51l44TclXt3Iz7cqO,Denny,Reffe,20krDQN7l5A5C4OZlmfNN59
,Customer,o2fJO1Zt2YyoEDxbkPaDWEryN,Bone,Percifull,rliDLy2NI3XpLp1VkZ0ad1QAR
,Customer,V7Z6q5bPtx9ji73uScWvpvnSSQGvR,Freddie,Gun,3VVlJjYbl4KtLsG9PdijtDlRrBzhB
,Customer,Hmr9ALoWLgcEm9HeaDXdnFL,Sasha,Bitterton,h2N9hdU0efnFkz58a74APeU
,Customer,DVR924tQO6KCTOwlU,Johnny,Pirrie,LqlNvrw01IGoeAMqK
,Customer,1GXF7Ru4I8AAJr77msXftDmW0pFz,Richart,Emmatt,EtR1byFpCeKmKWQvdwScrVDZq0kg
,Customer,1hi5U5J9A1SwJkwzaS5BFiafvwT5gkG,Kurtis,Mueller,SISflMRNm2qiq1jkWGM3ZE1r59h2EqR
,Customer,lwKp9Rby5wydE9b,Marnie,Durtnell,HXC8w5yuvqWnbHA
,Customer,X4FVyZN6f,Gerda,Hartus,eoKyaq38v
,Customer,dwqnE6X5NxhzRnt562b30ZG9tumvVl,Torrence,McGuinley,qe7YWxKfrw9E7ScRCjBFao8hXdrK80
,Customer,XqYQwCTp76J,Nathalie,Tonkin,e0VRTAPtk9g
,Customer,y6swLPnZFJTSO,Gerda,Spalls,gbCktB1No2SDa
,Customer,AdBoGyO2SMBC,Denny,Missen,HLguDKLuX6R4
,Customer,93Qg3VYNcloJPz,Reinwald,Joannidi,v9qrMHP6sei4GB
,Customer,iHZkHhpJDzSxfqDKCZ5ME,Nonie,Duckering,xwa7p2qSrjkuniJhREgK0
,Customer,oSHWlysPztF9DI8,Moishe,Enderby,xHkxO6IEg1SEh5J
,Customer,gV3WiZ5ZJa4L1AWimx,Rafa,McGuinley,mQHwyPSTbkJbcT62BI
,Customer,A83eqWGuve414xedI0sz,Joey,Frickey,zC3ZQug6iZwUyw2QGxvj
,Customer,Ih5yjyIJAAmTNggy5kWyUMO4,Denny,Boocock,wWLEnF7hKSDLeMDZcCub5fbD
,Customer,da88EWhbLR,Neron,Frickey,WQIznYW0Fz
,Customer,CMKmcGBFp3OthR,Christoph,Goghin,rLS0rFldZrbf9k
,Customer,Z9ptyoQzY,Anson,Washtell,gjT1Qlryw
,Customer,upZz1xyWVo6ffZdO9ANmnCCo3,Rosanne,Spalls,rJZOZtMLhYgEHLVYn17tfzVGD
,Customer,ECfJOiffjtgyc7,Barn,Dominici,bvC2TQqjD7kYzZ
,Customer,2DSxilcHlFkrT,Valentia,Corr,ATosUoCYqlZBa
,Customer,G4ObmdK9WeyOdXk,Jodi,Enderby,Tnm6hqTsnEyWEnU
,Customer,FjEBlN4B6cekZJ,Kurtis,Giorgiutti,w3MPw45wudh8ew
,Customer,xNNgBLkLgLZH8XYRrVkVRtFliQiaP,Neron,Washtell,4d0Vb4bLUBvPnltRzCc6peW2SkEEt
,Customer,XJaTjQWGHFviYMHwLWmgo,Truda,Duckering,FpkBKL5W45jJiBNQ1gIel
,Customer,S21QxsyJsUnDXEA7yETy6LkYanhHF3G,Jayson,Elix,dVbBtyiEpWEigarhD0KMtUIpDMQPVg0
,Customer,RRzYPlW0RXP,Donelle,Boocock,nNJlZkEB9Xt
,Customer,nsvUdwL5LOK995Nj8AvI7,Agnese,Matveichev,GjoThSu6WZw4pLt8dBxcc
,Customer,6TerahbbQM52b2BBkRxKHpp1fPeIZ,Margaretta,Panichelli,vB9VT8ZFHCGirVWS2dhvItcx5egHU
,Customer,EF5PpYctjIQ,Barn,Beceril,6TW0bD4Cfoj
,Customer,goUQO5aNUdwr2,Gearard,Mayler,Mp6FI4VXb5QJK
,Customer,9MCHOYe6kmValDxwPzg60fP5Uh6WB,Neron,Laxon,YY0p6qA5zv9wVr1nmShwUkc34AlZT
,Customer,JJGAWdyuzaKztrvHNQYk1LfG5GDJ,Freddie,Haslewood,5WEShLwsRiX3fMOBCaCawYKH3d8H
,Customer,VQqtAP2DuJcOuitMR73tAn8whHt,Cecily,Binion,PD5zULGglqTuEy5wwNrzdReqJSW
,Customer,Bexp0TQHAJyH2DMu326Da,Manny,Beglin,Lz5gjC9QuX9iV5cpwyZ9E
,Customer,VQezDErLLWtUd,Nonnah,MacDearmid,ZKqVcjsfX87Pn
,Customer,mDmliTMM8GJUBNDCSnAYGaLkvM,Kurtis,Holligan,5qeNxy2ZdIGxAZ7qi8o75uiQh1
,Customer,x6NVkiOVxvKxwj42MrMXh8ERBx9X,Gearard,Corr,efL79H9lg3wMpTDHEME4neKsrBXW
,Customer,cjauUTOjfb3Liz970KA,Matt,Dominelli,5hR096uKU8Z8OXRDqQp
,Customer,vVojr4VmGD6QT1LRiShxFr5SAY,Kurtis,Mettetal,tAeZlhI2ESsOe5J6MFJyqzYLSM
,Customer,zIYQq0wsP3,Valentia,Bointon,P0ISeyHZjs
,Customer,HPCvokwBXqIMeElapVirk,Trisha,Klimkin,WLNyjyWsi5kVmgB7AAUG8
,Customer,Lzp1e1aJfraDRNRT,Malena,Mettetal,HVDO6JUKVilwWmj9
,Customer,uojVcNDsE1,Rosanne,Dominici,KYSJb26W6z
,Customer,UMwL8M9QdzCdoP,Cornie,Frickey,RaZNrd2jtADfNq
,Customer,MectJnge1BUX4D,Lou,Aldham,H0K44vq74veVCs
,Customer,Kf0il3zD,Nanny,Flegg,xhrrPUIM
,Customer,vrYkX2LjEhK,Salome,Dael,IPNpMMiziWc
,Customer,JPCrMmn9ePCVrEogS3wQdtV,Lawton,Bointon,DwRjnioPSwpDNFJw4TWhgLg
,Customer,Q9XMaFdTG1pf2eOd,Marcile,Flegg,4eN2NjZHryimxeEg
,Customer,cbgfbuY7ybZ4xIw275Q6,Rafa,Sayes,ezgmpGz4wnCs72qfXqMI
,Customer,NE2XNaISY6f9tH,Cecily,Savine,mSB4vYKtwXaAHv
,Customer,yyymf43Fl,Torrence,Enderby,Fyw0LyAQN
,Customer,H6UFM8BWZ,Jerry,Jeannenet,Pze2C9Gea
,Customer,DZhVJjjdyS4XqH4BHJW,Boniface,Landre,utwXdmhqtWA66utJoIl
,Customer,ya7QMGJUgbSiTpOLmvohy,Clemmy,Varian,Sm4BOz5aP0M35RtBlUPSn
,Customer,19T2Tl2f,Reinwald,McGuinley,n3Cki5wa
,Customer,ZdXS8HDrxxdmJxNLFwB5MDEND,Sal,Matveichev,6QWvyQtZbyvlDHqVMKtltOfrO
,Customer,6kxjDynh2LA0iN3PYp9BejPUw,Dex,Corr,WC6uNYF2E8pFeATMJEm3pFrzc
,Customer,mOu7uC3Fb,Felizio,Pendleberry,jBGGSyC0t
,Customer,m5yk73uQmmBG1,Oberon,Tonkin,PpP66S3y7o9l9
,Customer,DrPHnFPoj,Lawton,Flegg,MTLEd8rj6
,Customer,Xn3iX3sYKjFJDmrg1F,Ernst,Matveichev,d4oZgiVRd6SiYDcGnL
,Customer,dTlek4yfmHTM2UGaMw,Jordan,Shirland,fHWaZ7J1DqtlksaUIY
,Customer,hIvkKI3vHe77,Deborah,Missen,Q4yyWbUZBQgs
,Customer,KA9GNBiLDhVEhMMiyOnz,Bliss,MacDearmid,qNrzyT7a1SCRJgecBEWO
,Customer,rR0CANCluZH7s5ps5pK,Hillery,McKinn,91l35SmNr7i9bT1aGbY
,Customer,WI2EMPaxFUNhZ,Margaretta,Spawell,r5y13vVt8daWb
,Customer,HWVnW0CABFbt71y,Natividad,Shedden,bfAGpa6xEBWkx2C
,Customer,BJRFOAR2,Terra,Mettetal,q0oXBCLI
,Customer,RlxsE7Xvd,Truda,Younge,jTlWwFgEC
,Customer,SPKmWOKgStXWIawmUFVt,Hillery,Salters,wRDD6ZvdeVD45UuNZ0Y3
,Customer,3Iz7RcoTqjc8cqh,Lothario,Scraggs,nAF7l94DwQxb5ZQ
,Customer,ydrvGwykweYB,Ceil,Hansman,oMEll9taD0Tb
,Customer,mfuvJWUFn7MnfMT21zVdN8CYlh9zJK,Truda,Durtnell,gunTBo6dUY77t7K2SyseqBxGTwbM6u
,Customer,bmXS5SWv,Moishe,Bointon,ZmvJjj6P
,Customer,Zj5F6i7UURBwzaA,Cecily,Enderby,hBYc01DT2wjRTCd
,Customer,pTLkwayxx,Salome,Gundry,udWkyl1IL
,Customer,d0aovyeCeUQ8IS,Nadean,Giorgiutti,mcfdZ4a8qEA4es
,Customer,3SD8rnGz,Melesa,McCallion,KFDwJttI
,Customer,5ld2mbkkKoNFWs0KHRjETP8oNIxX4,Marcile,Gun,PHYox2mkB95hoxkp8s2DjpmTL4exn
,Customer,HBh8FWjktO3kp3,Ramona,Hector,9uOlbpzMDVRq1c
,Customer,dObVLwoRrWHtgx1rUNrvo9Z,Shaylynn,Duding,ldUrzNFSwi6eZL1J1yMWxfW
,Customer,Ddp5SJx37,Boniface,Corr,j9OhHE3CS
,Customer,zIKRCubmI,Cecily,Dewfall,uDbSDCsqN
,Customer,3tcfHz6sS13,Nanny,Jakel,YAggObVg1wm
,Customer,8damMf9SkkQBINMLbfyDBY,Melesa,Brimble,6B0h3TLyvVVB9YyVsUoN2S
,Customer,hpdgmgTT,Ramona,Durtnell,5HLLxQUn
,Customer,9jYWhWamtghlpWlENc,Kristy,Spawell,rjWKaduBUBEqicLW4n
,Customer,O0Um20xaBq654KWvQZHEMYZ,Hillery,Dewfall,RlwNbsm4J0G1lq9fNFEM449
,Customer,5uH3IWdVsLpUnFZRiy,Lou,McAuliffe,iyC5xaJbwHW3Mt6TXD
,Customer,Du7GpVujzMpB0KrIwwDDNC6,Rosanne,Avrahm,rJ8eWMKXYKzsitP13FWc9xW
,Customer,tqZ5nWVQOM78alpAuxPffb,Melesa,Varian,OoX1qMhhF0uVSDRuxgh7qF
,Customer,KVqPUvMyxZjJ1Plz,Oberon,De Morena,wIN2gZSkWlGdnkcu
,Customer,K6xY6qQFmwiti9,Dex,Moxsom,seSCNqPhBxTdYq
,Customer,lsh1YjWO47vde3t,Stephannie,Rickman,nGMUWOSlFXnbtZ0
,Customer,HdHSxkqzr9A5vNy,Ceil,Corr,YD1HgwI2thrpIHq
,Customer,by3Z3uBWyuQUfuSna3bD9,Jodi,Dael,wmzgBvIzoedZSnoqhirIw
,Customer,OU5N3Y9f4Wej4t60gAu5O9zdu,Bone,Killner,bh29Af5IpuiW2GOC9t4secbeQ
,Customer,fKj1oCkBHaDe74HxcVokiNhWlbPb,Dex,Jakel,IyKKvo0ZAZ9RfVZy1mFFpR38eQcu
,Customer,1UWLG849ZU50zW,Myca,Duckering,RshOBVOyfWYN9u
,Customer,zsgbEZRqKEXsakvUoGGiTY,Marcy,Munford,VizFK8GX20xdUBEae8fQi7
,Customer,MhXRdOpB0pyjggK,Nonnah,Enderby,jROgiRzlbJDzVsj
,Customer,wU7Mi6V2vzBVnTSe4K1C,Deborah,Spawell,ib36GfekxVwFJznldPUL
,Customer,nuzAO6SjY1z6xO65XB,Agnese,Younge,LqEO7o1IWZ2pyoJEbY
,Customer,dPYwT9iLDqLXQ4FRU26YTEJ6c,Kelcey,Jeannenet,zCHHoQhzoUPBFclL0p1igvcOx
,Customer,kxXqCqFQjHik1WM,Denny,Duckering,6WU9P6UjKFsADjV
,Customer,2xX9Q5qpzPE4g5JvIkrX4ZwQg7rZ,Margaretta,Mynard,LcY8FkKVCkVh8PASnRjYxQD2AiNT
,Customer,fIiYd8c1g2,Marnie,Matveichev,Ys0v5h9cqW
,Customer,92Sz1phTZfreqLOQaoSdTh5,Agnese,Flegg,87Z2xWSVV2c7ydC4XaDAw6F
,Customer,PQr1vbC3mptPX9M0Vh7v2u770agPAQ,Kelcey,McAuliffe,eEhlyCqZ7hmeIsK5iPIM3K8V7XWU3a
,Customer,mxBdAN44zMlZKd5pqjX,Vale,Sayes,FUjIJRlp2uGnC8AP5PQ
,Customer,75a01dF6OLXqyqCmm4z7vCttot5b4b5,Nadean,Brimble,LVEU851C39GgncoOkyQp0kjVoNQc1A4
,Customer,2di8kTp86zga0nUJYFQ0gH,Grata,Byer,ayIMegiba21D6ASujICMki
,Customer,lFsPnOQpxGekRo,Felizio,McAuliffe,T1mFEiIW80IgQV
,Customer,D1EzGskJXsVwmhc0Uq4o5IkG,Sal,Brunone,r4usWTPKxoDNx2SpubD7lgH1
,Customer,0XOJVfulfIvLUTPR6riOHNu1,Shay,Matveichev,AIU1voDspc2HBvrm5gcDX78M
,Customer,YGSV0IafCCB87eC6HfAiaLZu,Osborne,Pirrie,1rD49ZUCTzwGDJROB9GIUHzm
,Customer,hKwOC91e1GnGjerVZt,Jayson,Goghin,ENxzqjtYN4pMufq0cK
,Customer,cgxWNEwshM,Cornie,Durtnell,HGG3QSzSXf
,Customer,ySHJFjjsbaf7Uo7JV3OiDL,Arch,Tonkin,WsWIuWwLDlcWp9WN4XCpep
,Customer,cCCvxsci,Jayson,Salters,yyn8QMP4
,Customer,SI4UAMCBrX0YYMHjRHMAMz,Jordan,Duding,FeflFWvkoek6RUqjXRtbk3
,Customer,mGreWPCISD6ALhRWfvXcamCKeMtk,Allister,Mardoll,B593VrKdtejQITlD1gBHei2UyBm8
,Customer,B5ih4hQtllmkS6Ki,Rosamund,Mueller,D81EXqqJdOVWHpd4
,Customer,1FDHhJl7YHasK2bCmwEO8,Nadean,Mueller,5nSTjrDz8ohIKbrpd7PLu
,Customer,t818KDbud2hDQp16nNF4,Nanny,Tonry,jw02MGJnYoiZVKkf0Dkp
,Customer,vtTQDAPcnyaP,Kayne,Dael,56qnhytLihZz
,Customer,pX1dxJaSlZb2a2OWSE6Nr1dS8YolG,Shay,Spalls,17E36SEIG0iYHa0m0tW01gJ7lqbSk
,Customer,aLNt6uQwD,Myca,Presser,7YLh19OYt
,Customer,J11XwoZUDeUCtRrmXKr6ClQj1zFTY8C,Rosanne,Munford,oLEphMve63bQglodeEAogQiZb2BGvLs
,Customer,krrtGTabpOWkKXA,Ernst,Paoloni,XSphB5Ek3WiFSPL
,Customer,G7qn9Nswnlv7VuI9zRyi6Qbl3n,Valentia,Van Dijk,qKZUVPOCAY2HRYU4WypxR7QhKT
,Customer,qwdPk3GFAr8BWUOc9K,Trisha,Roubottom,fveXWixRTm0e7GLukm
,Customer,RSc1Oo73h0btX8cm8j45z,Kayne,Emerton,D5re9hfNaou9ZaXnMxDSC
,Customer,crcMcQ1eRQtc3NzuIYbx9yKGmVSw2d,Jordan,Beglin,0vFQzakotPYu2cZF9EEXJU77RtUsit
,Customer,6yaPChD1MnDGkkyYYZLSQg7,Kat,Hansman,GN568uEnrwxU0KMLaKGNKlh
,Customer,EfCy6UJknjp5BQF8IUQ3I14tDBuccl,Kat,Elix,ZKukolJj8gr2tClpHaKlyG4dIjpua7
,Customer,vqJrxmszKzYkTPAWSYZ,Shalne,Salters,WzkNHeAKdMo5uP6ICIo
,Customer,J30yc3YzhcCIJOmVV8yr6,Joey,Spawell,f48Z1gwYzNuGnJ5Xemw0w
,Customer,UrCzEYwwH7Zm4bYb3eIZ,Bone,Sayes,4jQL2hKTQWU5eAanqdhi
,Customer,s7RT9bd39WHQc8eoWKlDhz4Qf4LnZUW,Boniface,Gun,Gi8tTdMVWzjSyVr06S0RLaVvnMWcNbx
,Customer,AmbJpJILzTTMGf3zKCzBlkIy,Shalne,Castelletti,PgI0foE5NLU9fjzkMjhyJE6f
,Customer,qdfMtbMt9pRpOq,Arch,Mettetal,Z3mWd04udaJ88T
,Customer,om9AQwHPhjSMNywb2Z6BEg6,Nonie,Gyorgy,LuautvvnkNx6Cl0TrCJN2Dz
,Customer,0JX4nPx4mD761AfoS6WTn1h4w,Terra,Joannidi,wQ2DFQxCf7wGiXa00kiYSMOpx
,Customer,thocRyDtQk7iPkWBgf5RL9s,Allister,Pendleberry,AWiThzv1qPR3Uvk53vYKsyq
,Customer,q0giTPs2,Lothario,Shedden,zhK4Tvjv
,Customer,FGQAhcK3WkiX2jy9lNJxaH,Shay,Matveichev,np40qfS8oDABv1Kno2Rx5j
,Customer,akT9IJqSu,Kelcey,Enderby,xc8p6Oor7
,Customer,s6w1FCaIHchKNrqPPNkQteh3jQ3wK,Margaretta,Bitterton,jkeplXHvZmpbsiKAuMHSueCX8qEU2
,Customer,fLmPw1JgzHtTH3eV9cjvvBbAr,Grata,Mynard,Jg81spcPUPTBsd6p8fTcImRRL
,Customer,3sv0qjh8k2r3CxqUXM36mI,Melesa,Brunone,9RwWhJPEQXyc5JfUg2a2T5
,Customer,u15zZ8527w6M,Christoph,Boocock,cqTHpg6SYmXx
,Customer,x7AN5IKJzTJQx33Ee,Truda,Salters,jCYY1n88AG53cYbIq
,Customer,PamFpJM6Qc4uaoc88XgiE7NFnVrljYI,Ceil,MacDearmid,YF6BC4tNjxek9xUZie2K8NLeIIDOYiW
,Customer,h57clsCQikU7gaZev5Lzviz01,Helga,Ardling,ZFdutktBmmGp8RGzeHLhJKkrO
,Customer,Q6dvQ1pf5,Allister,Spawell,wlm0iMIZV
,Customer,5mWwRMiq,Valentia,Pendleberry,zQcAVJbr
,Customer,Cwj6UHv2e6Ck6Putf,Natividad,Reffe,kMViGgLEkPFkLs1QB
,Customer,58DCLBMLayI72CanaFyR5xyy,Stephannie,Spalls,Gzguk1KiNHpZAAMBHzNuNlqT
,Customer,CO47vSzjVtfn6BlQh,Lothario,Dominici,QUvQFtCPIG0QyjU2I
,Customer,6FhfJWRiozxlCBSYw,Stephannie,Emerton,3e9eJGpz2yrV2GOov
,Customer,hlzWMa7kbp9BIMPDN,Truda,Klimkin,ajoO0fam21hP8vRwR
,Customer,j9QqnhBTFeYDtTrM9nHj8q,Anson,Beales,6lCbNE1YEvVUbByUY5HcAD
,Customer,W2TLwexGspX9ivhxmLWJ,Bliss,Mayler,6HiYShLFqyvWCiA6yviP
,Customer,zq6NdMR45wVELEW9FU1qtTc,Reinwald,Scraggs,9UZmSq2UstS4r9nSBW4ELdm
,Customer,mIe6Ja1L6e43psHHN4Ze08,Christoph,Salters,OXEXyuPBKN321Hlt5l3iD4
,Customer,AQIruXdrpY55zl9WyhLV,Oberon,Dominici,alm7GtAlquhOQR9ed997
,Customer,YYyWLCW3uhEIzlQUvf6a,Johnny,Percifull,g8YXKfEGx63j8uXqzTEj
,Customer,MvB3oCMcPCUkwhG986YrYOVEBtjowG,Johnny,Jeaffreson,b0EbE1eCo8TKsg6aXS48wnJMwTKgRN
,Customer,QwzJm1KNNyLSy9Jvg,Helga,Brunone,FBsF52oeKzQ8MVpBe
,Customer,kG1LL5F4gBZqfdrWdJmL6,Lawton,Van Dijk,0l0gC7tIo5aqmO1VIRCE7
,Customer,IdpDtAH9IwfqKxUR3xV7h1iFLHY,Christoper,Tonry,yaVlmSsldWyc3OsgJNXgUchtuLh
,Customer,5763koegQZp0lwKWVTJjrQx1bKJ,Shaylynn,Percifull,xM3jiJEFHnGICTXpsp8UmBoy2wg
,Customer,gI2VdRWX2f2il50L2lci,Stephannie,Goolding,uqtkc9CWWqBy1T8HgfLu
,Customer,pbOcxFW8gbHhrS0ecL,Freddie,Frickey,5QwxdDGmh12YAw2ygC
,Customer,3yVx4axvplCOxKQuQ,Lou,Shirland,Q5Bh7k2CSspIdhVD9
,Customer,V1kJU7lThi1E7mZVg09,Myca,Gyorgy,5CWyl8ELMqL4x0qL5Xd
,Customer,yas7hDhc,Hillery,Holligan,uHNrlGQ4
,Customer,XmghAeWApVD4Lj00TUy5Hl,Terra,Castelletti,QEExev2qV4r2l1vAPHcnwL
,Customer,xzRTavbXBPmbG,Dita,Corr,1a0YSmeS7NdUH
,Customer,zjYtymLX50zY,Ollie,Flegg,pckAc6avOFNC
,Customer,4Kba3dlWcFGlr6fR34Q5qB3Swmhe,Trever,Goghin,2UFu7yeBTTpb0K6a0rJro66FoUYQ
,Customer,5NWW9WQbo8yzIrFkWEs7KSOsme4A,Manny,Jakel,VpJtM1c0RCHodfDeVi0m06Aws7dD
,Customer,zdqkEVmlf7Q89BFGNgLVYRA2iFa7,Carena,Hector,rmllK5wvFUUTq95wMEEqb63Msqj3
,Customer,kI9VM2gU7R6D50e0v8tCZpr,Manny,Reffe,Snrl8slkjSbThc6ryMmHf3R
,Customer,hP46WbwpUQaF34Br0,Donelle,Frickey,untErjwgDgLfKA1rh
,Customer,B5rP1aztMWTJF9vsECgMPycuu,Ernst,Ardling,F7fq8vLGqOpj5RfUpbBxmVVWc
,Customer,9w8FeDHWd,Torrence,Iacoviello,EDs3GNBIS
,Customer,N3PETnsnzFjmh1XJfIEwG4k9Qz,Natividad,Bitterton,UFBrv3ErINzJqAJjPs82qOnWOb
,Customer,P13lrKbotQEJF7XKXQhX9i,Lothario,Moxsom,bqe9CCkt3XtXgsW3GlqFYl
,Customer,nFsWCpayMrWDH2KHWvbvZ0Jb,Ollie,Jeannenet,Y9HbL5EtC82fMhCYULDa7Fa4
,Customer,HieaGRbsrX9f6gnw3ABQGMw7Qin,Marcy,Varian,b4xYX0td7ioRzPXoVDfKDFVoYhh
,Customer,vVbZVYqkcDTRnkawm9cDjGlTIh,Tammie,Giorgiutti,6XINrEYhGiaYq4sQmRs7ncqdCe
,Customer,z4cIuP47PAqn5CS,Cecily,Mueller,M2GEOvCL1ZIRQ8a
,Customer,GsY2ZX7g3kClXgAcmzifvvQA3QiPIMC,Manny,Munnis,18xuQcVPTZwRAind2kY1AbC9zufFbqk
,Customer,zIyFfIwVyWUjc6f8PguestT7,Salome,Dewfall,wQr2Ze4PSr9Zgvv54RsLm42x
,Customer,zhEU42GUJmkhewS9Fv,Kristy,Azemar,H3MbLXmqdZNJECPS3i
,Customer,GU2N4aV5r5J9xrKFmX,Clemmy,Corr,IhomGcZ8JqkHqmcjhB
,Customer,jJrCTqpa0AwoHYNI2XWNc,Cecily,Emmatt,e4B192gCfgQRRLLRzQAap
,Customer,HPQQ1uVs,Johnny,Dominelli,SpmlcUhW
,Customer,HY3Dpx8mUr8N74Th,Ernst,Azemar,bmOPXxb3fCj5mKRA
,Customer,o8ekNm1Bn0Xakr1l9vS3VZ5LH6nzE,Grata,McAuliffe,BKo6bYOfijRju2jPfdr2pkfu0wjIO
,Customer,hiSQZouxobUDYQdK9,Richart,Gun,UjaIvYjn0TGpQw8Zl
,Customer,1Lq6SSosC,Moishe,Dominelli,AFMCWVaWo
,Customer,WmHDvthfkkBIizbYcNvCWBHTy,Ramona,Goghin,gerzfoAxPHWfMUCNJvdpLnKv1
,Customer,7tsLZPkYJgdojBl,Christoph,Brunone,7wU8wWu4umKVWAI
,Customer,75zYU9UL3uZmINxyr6Bb4Gz5Fwl,Almeta,Boocock,xYxaw5S0JhkxrdQXjI5hye2OQrI
,Customer,W9CQKeKjiS7oaJs,Nathalie,Van Dijk,q4iIydQR0NgvfqW
,Customer,a2Xj2gSqOSe9IS,Kelcey,Paoloni,vvFod4g9l7gxMk
,Customer,8nuQbHLI8HTkdPubcAP,Tommy,Presser,9XOwmN6DNailYoSCUb8
,Customer,y9SYsJEXFAA1sAu5bc8yX9a,Lou,Dominelli,gZhW8CXFt0MPHL6BNFFdIM7
,Customer,HQ1TbprqFAyCh2k,Jacenta,Foulsham,IXqMdIm1Du1kzE8
,Customer,VitkWZX0L3eRBx4sAVOHhqSsApvD,Torrence,McCallion,DWpbMqCjtsOuJ5KxsH13Kw39wwtn
,Customer,elZAYlWZmp,Grata,Hector,YEZ8jq7PBQ
,Customer,5X8OhdyJF,Melita,Gundry,KIXN0kFg0
,Customer,qXZEVejArWG,Malena,Davisson,0YXCIYUwvIA
,Customer,AhiVxsqUBPDvSQosS8k2AKeI1fEr,Dita,Shedden,ZNNJ8ycwdIyQCn3deL3ELZL1vtfL
,Customer,rjQrVe6ho,Freddie,Washtell,cTpAmoOjW
,Customer,zGDPOTCXWX49mW,Torrence,Gyorgy,jF3zH5uDMTPpbQ
,Customer,qpDiizHinX9gLuQdbmmpZ2BK4IJY,Rafa,Bointon,nHYZyCB8gDZ3HVWoEHJOCYyuqRxd
,Customer,BmJ3c0LTRbubUU9xRIHBTF4QcwD0P,Janetta,Durtnell,175y9MVGkR7uXtE8N7fAwy9HPgSd1
,Customer,UZePFLKW,Lou,Mayler,Qn0OoFSS
,Customer,usj8ESwZBbOJPlQ,Trever,Rickman,csSpyLuTuHvjXnA
,Customer,7Lh7aKNg9PEoEhKD3cHsFpx9qxq,Deborah,Paoloni,fOcnpLgnv9RlhlcpVUxUmHtP5Cq
,Customer,RpGF1d5uy90dROeM,Shaylynn,Duding,625QBVoFV7ylyfHF
,Customer,V97Mt0leaK,Joey,Avrahm,zHZIZaXexM
,Customer,qnf4DyLS2oDZ,Trish,Munnis,MwNLaGdGx3Ml
,Customer,VTHM04ZsNY53jLg6BI,Tracie,Tillyer,ainVia4BsTt9fkISXd
,Customer,BsLaVyPk,Anson,Haslewood,PDnoQCoG
,Customer,WQpj74XdAl845MJlXvSS1J1E9xe,Sabine,Mueller,KsJaURsHpNIq4Dq3LDE2vnFmiFJ
,Customer,6pIGWywvXtPDCo8ED,Neron,Paoloni,zMaLdGoxnhT5auvR5
,Customer,LjCCBQzfUOS68Jud9dRQxEH21AE1,Natividad,Tonry,QdPVbMgppsCXWCKeyR9v6aeASnMv
,Customer,5PA6TGBg,Allister,Boocock,NS3DIYuP
,Customer,GTaSc3yqzWp3FA,Christoper,McKinn,sW3Yem9VBMVFhX
,Customer,Y3nC7PxlSBmrQMm,Sasha,Haslewood,TKtxWcT88tbbAog
,Customer,ToRJXTwSLF9hZALlHQJ546,Malena,Spawell,sGcMM9CVK4iOWYtNunVy1a
,Customer,u3ep2NTzTeYSD2Y69xHW9t0aR,Lucky,Munnis,0wp9rn5yZZUG6Ay8I1UL6j7lT
,Customer,mBDBQIkz7n,Tammie,Presser,C3gfxnZ4lT
,Customer,pkesc6c7zrM,Almeta,Davisson,HrkFEokhupo
,Customer,lqnuMI9M3xCtxWdor7E3YWEv2,Jodi,Rabbage,j3oeeq3ORUYU88oePRKJaEzWf
,Customer,ZysilNhgZ47thrQPQgEiUn,Melita,McAuliffe,QikxkevxZ1G7gW0uj0Z9oy
,Customer,PkFGJgNh2mf4iLo4NijyO8q4V2a8n,Hillery,Tillyer,K1Ow67bshVubQ3jKyXGpYV8wH8GDW
,Customer,wNMTYFqnvEoH3a6Uqns6ptihyKsVSMl,Felizio,Mayler,LGIkijrLSluhdXMapsE4XUG25uaOPRZ
,Customer,vCuRS1eOvJGXNOAjzymJhAncKUyzLQ,Anson,MacDearmid,3ucreLLhtBtnXVv3lJv6YCNUmqECL6
,Customer,iARLYyHrRb4FEGmroXAnAHECOJSgH,Manny,Beales,sj2rj0fYl2kmHU7qtBgSnjCzLaCsj
,Customer,FAzgG6sDq,Reinwald,Moxsom,d56YQY1lN
,Customer,3OOkbwsQhhuVWGyBT4,Lothario,Matveichev,afsnOGaGPLyotc7dAX
,Customer,RjWMl377K8kSSTRttn2JWuaZ5H,Kurtis,Percifull,9krljUYYbinTtqJfaYjaGpmSLL
,Customer,9wGbhvPtGhqg,Rosanne,Matveichev,M8DnNHiAtPVR
,Customer,zxD0GhoDjtYAdSspo8rip,Marcile,McKinn,kgh7ZeENFp8bDXZRm4MmQ
,Customer,qiVX2lXtHC6ReIaaacuQk,Kristy,Brunone,kiDdEpR1RkGFm4HTsY9Vg
,Customer,D5huu402NJqoJQa3obgrJ0,Christoph,Emerton,fg5ydW4PQu5IZRwo9P77J6
,Customer,Zge6QlHPPg,Kristy,Byer,fJdp14xJOJ
,Customer,PWROF2ifycZ2HyfIuT3m,Freddie,Spawell,ijRzN4iIEt2GGIrn7j1e
,Customer,4jWs2MfnwpPz9e,Stephannie,Dominelli,eP4DlwFLanSANN
,Customer,nPgQPh0kdiTtKd8An2HD7WwoIjz,Bliss,Dewfall,WJFbsBYjWlPwX0U3c01qiQzW7xM
,Customer,t2nFzwkWUNbzu4cH5mmkRwv,Jeniece,Goolding,ezpr0AovRorUTwpPQZYPxDv
,Customer,sWCdugrQXz4nWkEMNIWpmbxVbATfC,Melita,Tonkin,CUnYtcoRigCW8XYqtRwUlzDIyA4nx
,Customer,rmlBN6b3Xts,Vale,Landre,oCAMOuWPefC
,Customer,6K2dzbP9m56rddQHKFX0YFxdC9Pzs,Anson,Beales,z5T2W0NM1BDYnXjktWaNS4rkvIhT7
,Customer,umr27TVjgH8y4,Trever,Varian,xjlyw3E1Um40X
,Customer,Ykf0zm6ixGp,Rustin,Mueller,uPWJbxtCfCS
,Customer,nbJb2vLaIbXe1cx12Q7,Valentia,Brimble,XNQycETh41vvAYv4O4z
,Customer,3xJ15xdGimVBi4El2QrViDeXhC,Marquita,Tillyer,052x2dKIjF72N1u8vDUeMzVJ5j
,Customer,JGMi5UxuwGjoiwf,Helga,Bakhrushin,b9f9hEIwB0gcBvx
,Customer,XkHuFtuF3IUTF1qXX8WyG9MNQ95g,Richart,Brimble,RtgCrckHHy8k7eT4wP5PM7KleV4L
,Customer,qSD76JQVASg9w62El6ryn83U7BRM,Shay,Salters,rQpbt82chpD5CnRyqicl8DPDHgsE
,Customer,lJ1Rm7fZVSlQXItJiY9U,Trever,Bointon,gk1eOiPi0K35hjqelCDZ
,Customer,PB4Xq6rUNybHTrAWO9E,Kristy,Dael,SWXVeRapYHDPIkzJ221
,Customer,SmSZXIsQJD,Trever,Bointon,jojrUR1OyZ
,Customer,nh0nvc4AQdz,Helga,Castelletti,s9lOdVaDLq7
,Customer,p3gJUx7bKwL91hXG,Ernst,Tillyer,Pvdm9Fr0DsMjnI0Q
,Customer,VKyvBBKUmRE0Lyc5ofCWsMmcze,Richart,Foulsham,u0B0FEWh0147WLrKk93STjx84P
,Customer,tdJ2cxFuDoxRTJmdJsm,Kelcey,Azemar,jSLwGZKaAjSYKqvTsbO
,Customer,CqXnSKvgbQpIF9rTtcOQ,Helga,Hansman,tr2zJlqLpTHJaBx8IrxE
,Customer,Y458pQA3iVX1Zmd0I0Gl1D,Allister,Salters,xhcxxlbpOWOikR4GSijwbN
,Customer,AjeOw2A3jmRZJSstMmc,Nathalie,Pirrie,VuHEdCKWaH9JA3FA7oA
,Customer,nj0UKR3e,Cornie,Younge,RzeOTxGM
,Customer,aVevqn3tBzxFEp94zkCJ5ESzTUX,Marquita,Varian,p9cJMiha18WrA8OTplqNTvfEy1R
,Customer,dPHGjPlJMjfcKzL6Jk3mqy8AP4KlFQ,Neron,McGuinley,CTjJSSwSjKOxYDGJz8zpyACAn4JPZw
,Customer,66ePuXp8jxSHCPXiYPY,Vale,Iacoviello,mVBlmFoasAZffk9rpsH
,Customer,giCINwSfx1q2x9FYYbMzUC,Agnese,Elix,0trVqyAID1NOEolf6syHTz
,Customer,Wo12FaJfHX4,Nonnah,Binion,Ak0UnTDmZ7f
,Customer,eOguQxbvRhCIe1fc2op9,Bone,Shedden,91wq0nNGNkPKL9h8Z9p5
,Customer,uYzfBKjshKBEdDpuS8uiYPf596aU,Jeniece,McCallion,0E950gtaOT7NMm4mhEYIVTJKIDpT
,Customer,BwY807dMV1EEdbLUoec1hcVF4Ee,Melesa,Hector,LirJpvIMLelsBv1ucC7CfLOgRlC
,Customer,Iqv1vpBaOPPL,Bone,Hector,dXL4s0Io8Nhf
,Customer,BHSaDXS0qAnBpH6c,Moishe,Foulsham,jZPosXO1s0dmMAnl
,Customer,Y0v1XmIpONelLIxHDjUNJFHBF,Matt,Dael,zHt2zoTQbgC6DRIVSpS02H6ym
,Customer,5RiqZWCAt76,Johnny,Jakel,6BbWAmP07wY
,Customer,A6AEc9jK4dg,Melesa,Binion,csYSlU5dqiR
,Customer,SqeAISiUjc9PvWYL3SAZVgQKIK,Neron,Windibank,yBGTMyzp6eQaxuJCU3mZDOKbWu
,Customer,FNwRrtDRkhqf83Za,Cecily,Sayes,FS3ivoK83ZvH0A15
,Customer,4DS2g7Hb7KhP4XXi,Osborne,Holligan,LhGYmY4lyVG2vcIR
,Customer,urwLg5EjZIwTrWvKBJdW2pr,Reinwald,Flegg,UBKCDOOdqYQPlIBaKupCPhz
,Customer,SgUs4BqximNnJ,Tammie,Emmatt,5W5oazQdR4NmQ
,Customer,So4hVfgWedombfsT,Denny,Byer,mg2wrsz677RYGyLs
,Customer,SDgKsH5viOjs24JJrnwv,Kristy,Salters,hRZpdr9cGKjPxzHkYdpz
,Customer,kI6UquQ5yIyHs7w8GGJ7prn,Helga,Landre,7BLThsospn85w6xlG2e0BPP
,Customer,K2r62S12,Grata,Foulsham,AxdP5neE
,Customer,I6erTmIztasvJ6xf,Myca,Tonry,6IrBM6WFKbt15Z6S
,Customer,8dfp8c8erz0Ycp8KERnDmiCt,Sal,Killner,YiYFvoyAKl3hj8lP3NoFrrth
,Customer,YlFT0aCHHejBCuG,Nadean,Gun,NIUV9iQCIVAj3pg
,Customer,hjDjSXixym237rYwx,Marcy,Burges,TnmEzk35PaVpkBKjy
,Customer,8MpsjDEH1n7byrBhSMAMnx,Jacenta,Holligan,pVUQ7kMaXajdlM0UoSbMbV
,Customer,2LnfGjmrJf1xV,Gerda,Van Dijk,XcYSWcIbq4TbX
,Customer,48WxRx1JXt9njWOki0,Shay,Landre,rUU3B3YNLc0hUh4XIP
,Customer,dZqrQJAoFbeKX,Jeniece,Pendleberry,6zvsfl3h63g3U
,Customer,nxj6qze6AxZf8eTjpH7C6tXzhX,Anson,Klimkin,HGH2AmXuIJRMvanlsM6fz9NBqE
,Customer,5JIsk4B9OyTBeljgDcqk,Kelcey,Flegg,UDYcKRsLSFbSqGKLLDj1
,Customer,kSRy550vSpe,Trever,Iacoviello,aQMhtafQdHX
,Customer,vup9OTAYnBc8CdlxbovOp,Clemmy,McKinn,KiZkTNJdEd8JcAyoDIHZm
,Customer,xJa7PXtk8kYjglV6HsjVJJ9U7BOLf,Vale,Frickey,s5olJ4ZHXxlRyIF8KNFEchzOiT7Is
,Customer,7KOkM2SL4rqwMg,Freddie,Beales,6HhJzAm4iCPKi0
,Customer,nfsS4Vdm760KihvLmZX,Christoph,Dominelli,z9Py9oRWv4K884LmGAH
,Customer,dj7UWJuSHMcnxYPTuisbDaCjF8Rci,Trever,Landre,RGcqZsevbsX7j95ALHS91KYHwCxzW
,Customer,WTpys1DUlM0iC3y34kbqx4VfKtnYs,Valentia,Dominelli,1cj6pbW9hdovhDwxHbl266px1O9jq
,Customer,2lCRi1M99jZu,Christoph,Regglar,o7fY4ZNcNDwL
,Customer,jbMtpQbPSSElc2dxMb6ViCY8,Cecily,Mardoll,VVhou7f8qrlLZEVsPS9lglHB
,Customer,bnRVh1vX4Kd79I8q6dpas,Stephannie,Rabbage,SCpUIdqFXL1phcZ0E8y6k
,Customer,z2ThGfrcZzYRjal,Christoper,Corr,ZzuOeFtqJwa8nXr
,Customer,JbbT3bmakxRmS6OxDnEBoM4Yu6nOa,Nanny,Munnis,VGWzdqXaNLQVn68agXaHCbESEmOw7
,Customer,X5RiC8BxtmsZVMKDP,Marcy,Klimkin,TFg4ybZ8UxQxNdYg0
,Customer,It1FjJbZ9Pdhohepot4ItO3D7WoH,Jacenta,Pirrie,9iyYtaInmz3ss0xIJyX0DBt1ohTM
,Customer,BfY7yRU9bdWnHUYyWxwtYf6thoWgP,Vale,Munford,tuX5iBcqr3IRUo2Dmwq4k7ijqyXSf
,Customer,fKuwVEFYwMJMv2eg,Yankee,Goghin,6uespBZGr9lwH18r
,Customer,OQ5KPQnkkUaU,Janetta,Laxon,qRed0f33Vc8g
,Customer,k08ATsMNV21fkfKlaCkowd9oML8sVV,Trever,Laxon,uzmEyneiYiN22R3GAzlXspGDLKYCat
,Customer,3UWeQP14,Lawton,Iacoviello,WZHUXMKW
,Customer,Hswugazb33vKsNiDJ80,Marquita,Bakhrushin,tRZOVWdSRmFhbxJPyjS
,Customer,YzwiOFliXN2EU8bqmqHqQk,Jayson,Dewfall,cuIexDjy2Rx9vAWJ4oGlPs
,Customer,Tyxgjwkqa6Vz,Rosanne,Panichelli,DukFI6PvoEar
,Customer,O8WmCBGv5z9NZJ6v4L05bNkoOJ,Yankee,Burges,S4Ia8w90zhSBUOg6QOcGCX1WFn
,Customer,bsLilhkU,Jeniece,Stearley,CFBrw6Oy
,Customer,lrD8pl2bN1CJP1EMriObcbkotrCNi1C,Gerda,Duding,No3ICTcdCfWDrTUoRXZDvqZLdLMXEeU
,Customer,yCWg5ctMZzpt20PzpshF4,Shay,Mardoll,WodXgdC3V0JLthNdnsCZb
,Customer,dSVmAkYkYP4H6K,Reinwald,Mettetal,vG2fPpu7sqLGu1
,Customer,ddxmIWfjS3AK9DVs5SOfk,Boniface,Matveichev,jwCwpO3TkkuwDDETLfTiY
,Customer,opVaB9oNEBV2JfQAxeTH5sRHq,Salomo,Joannidi,1ZFzbbYKyAVeeQm2YI109PCeC
,Customer,mFU5ZUB78GR5srGXEsMFWqfPT6,Jeniece,Brimble,8OziGfKi0Ug239K3KIQDXCRDad
,Customer,r0OkljoE1ya2g49a3iIBslYvo6Y,Cecily,Gundry,XaSyGSgnRMj8IlxZf7is65PNFA2
,Customer,iA36vkK9E8BUr27Cd,Agnese,Bitterton,dI7SMSxSQQjOHCujF
,Customer,MmDTZnIfxWssAPL1x9E,Rustin,Boatman,kUzO5DEdIxqifrw6OYC
,Customer,2N0AspHNebjcg1av6UJ,Rosamund,McGuinley,I96xWBgju0WZHrM4FkD
,Customer,aehoWaGN86D,Jodi,Rabbage,zoMXA9fG3A7
,Customer,lONEfVEBu2LeY3UeakkZIrNS0,Vale,Burges,P5RbxulWskxOMbWjg4Kpk3t8C
,Customer,0nRjlBUWcENFQZVXgODno,Lawton,Bointon,DLxipmG1EU7u4FVyvv1ML
,Customer,ve3sNm26yh5CffiM6mQ1,Nathalie,Klimkin,7UW0EuzRfMGTC1JASt9R
,Customer,fmPoR4qck0BWq03,Neron,Ardling,Rw8BBwMnwG79GKE
,Customer,SWI399jX,Clim,Giorgiutti,Qk9hDOJY
,Customer,4Zu8MzANXyKJ,Hillery,Castelletti,4xonamY7uXu2
,Customer,K3Yn8SR4lYT0D,Bone,Hector,gk3Lobqt6HNdk
,Customer,iM4ZsCol9t2m1WTAn1k3f5Y2ib,Lawton,Iacoviello,uP1gzfDv2twp7gHSM0ggQE3EFJ
,Customer,uDtrI7uGQict6LoIvzn5altReHooTE,Jodi,Emerton,jQjzbGPWaNubfQkyAFDXVqhCxcasi2
,Customer,y3K3wfnPAndliCnsrQvJYY28U,Truda,Paoloni,n0l4WEDyJFrzpiuJKVx4MlxD0
,Customer,Xncel08z9O5f,Rosanne,Tillyer,cx5M7SXErNf1
,Customer,EmYt5tlRGb6cCYwzRfFYrv5gfnq9,Richart,Hartus,K2BiK5ADqHzz2wjgjOQr9AKQW1ST
,Customer,XBvm90IGX,Nadean,Emmatt,RCMK9F0Ah
,Customer,2ft5dJWSaZvfVNy,Manny,Savine,U5sEUOC7kpwanVw
,Customer,8VVHJgkqadvXn9Kf1sQ56XmHA,Deborah,Shirland,RAtCPkkIF8qJmE2h0BkKIULj2
,Customer,QiR7FHdcz2pNczxBC4CDHUosk7f,Matt,Stearley,RF3ov9hVIyVVTQPSAPcuWsh9kQi
,Customer,UxqHoDTQsSV0Jlvjfjh,Shalne,Percifull,DXbu6umZn9UEtNBE2q8
,Customer,p2wWO5WTQY5rVy,Cornie,Azemar,kBm9wdIyM8MCd5
,Customer,QiEFpS57yFx7ngHBMIswr5c61,Malena,Bitterton,BXlQeHbP1R8E5nCUFjQjB0pOW
,Customer,YpSczz4bgeuWUEnu3,Shalne,Aldham,Wsjz7esDT24Yh3JN7
,Customer,kwG14FpzsU6,Clemmy,Emerton,ptZCzg9uo1Y
,Customer,oPooAHVAJTmorcTlRjCiplG8444x8eN,Shay,Beales,g7HwQRcIvwkhrZlpCAlfV5KMHZOSTTg
,Customer,N24IOPzerq0RGfuDyfcfffXHyOp7,Neron,Regglar,3dgJZNbDa4fknvFeaDaVzVCiNGIx
,Customer,zcGPhbcBiq0wkdEzTB4TDJuZVhZQ,Matt,Tonkin,a6Hj34c2D3O8HVFiPcMFrzz9bS1W
,Customer,ExFiWRjKzIdnEjZapeJGOpvmEo,Kat,Dael,4S9EhZEUSDFILYVIKb0dtAR59D
,Customer,DTFJf6A2DSIh99G9AanNaZKIf,Jayson,Goolding,VpAi0kV3prJ0nhzAvq1NgcuT1
,Customer,o0owbEzWnSz,Manny,Beales,jvzABc8CQGW
,Customer,YtjMh6uDM3IylE7htO1buGGYPAVGfU,Jeniece,Dael,ktklsbSoNsBJIcYgSkXOrIJrwrJ43G
,Customer,ISohA6oJYGKDU27ZBX,Rolf,Aldham,EtuvjbFngZ4EsemNc7
,Customer,fySRVBNSOI7jx0W856ZrBLC,Kat,Boocock,elSp3QzuMaIiIBzPLnljdgh
,Customer,fvP5tOHajCMENg,Trisha,Rabbage,069cL3XrWFVtAb
,Customer,i80UeFbQv,Salomo,Mueller,KeVcYUyV5
,Customer,JyEHCtDMqbMyPGmT,Boniface,Hansman,c2KIgdU7FeZgbGcJ
,Customer,HBSXXHvwSvExoIZ4DHLaMTZapkz,Marcy,Gyorgy,JvCAWZTOQaQWOkJrlXtSdgBRp8z
,Customer,vxovuAmLYthmUd,Terra,Shedden,eRx2HRwxD4XbNS
,Customer,kjMVpUU6xTTlalmZpsl0J,Donelle,Byer,WqUBH01ZzVdZR62ceCgNm
,Customer,1OUHIiD6zYWu,Joey,Mardoll,SbnmFWhDqMJ3
,Customer,fEO6bSAlXPYvBI39SE1JNfOoJKAV,Kristy,Stearley,zPq15VgjgTSFHoprO80yt6CmByEM
,Customer,2Bhqb5ET7LiuSjav7YS,Ernst,Spawell,6emo1lSgKJ3D2wifXLI
,Customer,ZVbOE2FMr,Shalne,Mettetal,TNKB1ly50
,Customer,nXApTOSKOymjap0,Nonnah,Klimkin,HbT6zWjyM3Cz3Ye
,Customer,ecJcyCOtheWkiF06MOCfjqFS,Rosanne,Sayes,UZHzukd31vgBelGO7dQahIrS
,Customer,shHwBuZuhgLrUpuBFWrXw,Marcile,Foulsham,7RtMT1yAotVse7ovmfXT6
,Customer,oOhgvIiqmlSMhqj7OGmteD,Marcile,Shirland,5UFxCE3FbxlDm6YOSZswPr
,Customer,SKlQjov41,Truda,Dominici,2zvkgNS4D
,Customer,nvfsFm4HTgt,Barn,Davisson,xGDHyTyvEAV
,Customer,hOV1Vzp9HkoZEjxPjzGh,Nathalie,Mueller,Yk75A5ppaQqnD5Rs0S7O
,Customer,UZMGDSeW0LaFSPmYpqYuMSCFBec9m,Melita,Moxsom,YULzqbnjWH0nWSRLHmYaCQJ3BvkKt
,Customer,CkhwvtCsUkRNrLqeAGE6rJSFp2,Cecily,Beales,nicZJoPBe5KknCh9sXefb3xQGf
,Customer,cTbM2v9MY2jUk5Oqqj78P82Jak1W,Terra,Gun,KYv59CskkxvfAarZCYpt2p6L5fnW
,Customer,FGbOMaoHDV1652Uu6t9LAO,Nonnah,Castelletti,5p1PiRtXjoZb2LN6PtoOzH
,Customer,tDTx73Xbkj,Rosanne,Varian,ldwh0Rdq03
,Customer,U1VwIKO2W6XkIpjAbkFHLSp,Grata,Gyorgy,B6X6TXKYdJHNRtznoY3HMx2
,Customer,vJecI7qO7S0twaUK5vRsbi5Y6m,Deborah,Corr,FPusEK3SxHp81z4nEZ3PZLOnZa
,Customer,OUPouhltJ4c7LEzPdSl0VvN,Anson,Gyorgy,8MpPz4UvdBLsjqN93VMyJd9
,Customer,DtU4HKwJJfOdNxyvgvvcDub81q,Barn,Landre,xIEfKWH9BBRFlbEcrpRq1uE1kS
,Customer,4dUqnY6FqQHTzLTBH6a9OhqrvmUgN,Trisha,Pendleberry,Ar8NZGDn91nGB3nyeoH9EZgpaLJN1
,Customer,f7psPgVgyehdpW2KdbFUGIkWh,Corty,Azemar,u5YB1AoY98yqPTsznlq5wOhqW
,Customer,demVqGLMr3dmVmFj5gk39,Rafa,MacDearmid,gte9uBuNfA0AUdi1uU3TD
,Customer,lClulqA0qvvpji,Malena,Brunone,LHjlsSXn5jS347
,Customer,OtJzoN81hN0qH7tSCyA00uI,Hillery,Mardoll,btvGRlNbR0R834bJXXjVfU0
,Customer,8bQx5p6n42r,Trish,Elix,7X8xFl30tSc
,Customer,dNwWTjm9GkZ,Joey,Mettetal,MEmSjGXFXGI
,Customer,MV6JkJqz62,Joey,Salters,nv31BHnfa5
,Customer,RbvzmyF15c2JYqVHj8q7,Rustin,Dewfall,RwDZ10BF0PZRm9EtBCc4
,Customer,avbsCCNYmYp,Jordan,Spawell,ZmfvENTZOGW
,Customer,aihaGaxbbtGccZtwho6vgSFQbS7gVgQ,Gearard,Munford,V8aK11bt3p0KdvnjvtJGIRTfWYBLYJl
,Customer,bJ2akygtymU34ldIEQWIMGpFdC360Y,Anson,McKinn,OHpSkjZXAPwklr4QHBcKHdZmWwivTF
,Customer,Z8mm1T9zp3GTU8,Hillery,Salters,n5jZxPtcX9JAnN
,Customer,m0UZQpQbADZSCf0Oq912ikHpchVI,Dex,Klimkin,1IlXT0UIypsKDbKnc2GQfsd5P8kI
,Customer,wCPDpYyfIBcOQmRXQSTz0xTKYcoB4,Arch,Hansman,OYVZniwoDgKduoBo5rrnu6abWkWKa
,Customer,z2YPKcpdfY0kwBHV44KqZ,Salome,Salters,LKDKIinfhfhS6tOLn8lY1
,Customer,Dct8iTQZH,Jayson,Sayes,Dhb4Rgbjz
,Customer,XinSyWjj,Rustin,Reffe,9La53QYJ
,Customer,mQKiTeJg,Nonie,Matveichev,MiPR6ZRi
,Customer,yaBQotOa,Kayne,Landre,gvwYVo5k
,Customer,cWhWDiirSK6rXqgdYzYuFq0KqAGh8D,Trisha,Mayler,lhasKwrlbzeIhiGxor8BOzagdaMa80
,Customer,UiybJTVyS1UvjX8WchJykgVO,Rolf,Davisson,htCQErPvDiwXejKZEkMWgpCx
,Customer,ROG62zws3mTRjOKIMKW1zDQj6n4bsAg,Richart,Emerton,3pl1uXFSHyMCogUtIDdURqOA8mN4q60
,Customer,cpJe8RX7SNb,Trever,Varian,eajQ3D4oCaL
,Customer,FbJjxkBluYWEwknut,Richart,Pendleberry,deRTHnhPGPWZitlM8
,Customer,M93NoMHrYd5bQnx96yIITSkK2R5re,Boniface,Jeannenet,G0QKS4ygE0RU3JaJmnWKus5piPxF7
,Customer,wfeOUaj5X67wr,Janetta,Paoloni,et1SoA81LITDR
,Customer,RMuhPwcFpM1RE5XKRSDuqSQDNVFTGw,Lawton,Byer,sgdR6LjcO7FnPK4dE3pNYjycsZF6Ig
,Customer,puKWfgVBWlY85hEXFQWuG5JX,Valentia,Dominici,086wRmr4lSDo4Vnz4Mh9NUGa
,Customer,kUTrrgu1fWU75FQ58TvhqqFOMKo,Arch,Hartus,arXiVqLzzBBjGuSdIvbjztOuEB0
,Customer,W5QcszGzCvAQqRm69vg13Ui,Melesa,Mardoll,aUkikgPVBK5CxBAiyPmcSC1
,Customer,qzV5zduSQp,Osborne,Dominelli,N8MIlvPKLX
,Customer,GIE9Ursh5dxn4VuvZwrqg,Sasha,Goolding,zZ8P3DJDvxxebc5eiyhrS
,Customer,D8tiZJw2FvSm7Vyz6KuAjWcJ0,Sasha,De Morena,VkNUde3dnVAfyYVxaxTYgrOK6
,Customer,JDSgHF1e,Felizio,Jakel,udG7owbI
,Customer,4ZkugmPsBCAAvgm6ERM47qfaG1l,Lucky,Pirrie,sguk8KjiuisIi2LtvWFwp4Ebk9Z
,Customer,WNuO5WzuLIRJOdQVmI,Manny,Presser,jTmI7ToXEvOLnAATiP
,Customer,ZvWfYPZJ,Jeniece,Goghin,9Zl54PvZ
,Customer,iy2ia4X88uqF,Trever,Bointon,TsKoon7fVPj9
,Customer,BV4iZcG6Ap6B4oa17ID4Md30e8,Tommy,Hansman,tJHMPBqjqKnjue4oSksf1adTIN
,Customer,8iQQIOj5g,Trever,Gundry,c4VXWqkai
,Customer,k7IUr9sWTBlrIuXXmOvg,Johnny,Hector,F1L76YemaQvTnxKHszBp
,Customer,caG3wJHC0a3kA4jUW0wwT8F,Denny,Elix,VWQ5SdYwxHm1GpGTRVfKCKV
,Customer,u9oD1ljXVxMwxCs5fG4YrjfsRUBfoD,Marcy,Roubottom,1rK3y6qed4u9EXZjvTLrpe5fAt5w2w
,Customer,nSxzPIFe998NSXtyD5Abx86EbH9,Ollie,McCallion,jxqSrtyYMe6M6aWdSoiaURZpvn7
,Customer,FL09MICZzk5BoTMRIC2Lz2j,Grata,Salters,WVWF3PRZqEs1xVUk80Xo7M9
,Customer,yrKFcdqXehOKzk4E,Donelle,Presser,SOof3LEz3lupkGZl
,Customer,QO0nt0T731,Ceil,Gun,lJgzQDThgc
,Customer,B746zPpLReFqfUGRNcUYwR7C,Oberon,Dominici,D00He5eryqKBGPnXV4FkeGMd
,Customer,TtlznHE8K1,Almeta,Bitterton,h5VMzUmEoq
,Customer,LdFH5jIDrUV,Christoph,Isenor,WE8as1wKhD4
,Customer,2t0uYqZ8tL,Johnny,Beales,iq6cAPfIHw
,Customer,6naQmrjC4KK,Melita,Castelletti,7TTCFYy5lQF
,Customer,NQkGmYyJ,Felizio,Brimble,KyWaQPEg
,Customer,5CUOwve48dAhjqPC0FT3x7807J0hV,Jeniece,Dominici,hAtUgeW3pHbYy1mn6CRaElFYYBIR1
,Customer,gzDfFUcqygmp0DSDvNxmJkmvkloMb6,Nanny,Mynard,qMEKynK2hMbyF6KsZZmiLMJtam641d
,Customer,epW5pSi5eMh4fU,Kat,Isenor,q02MVB2oVg7k9j
,Customer,un9zJjAauUcbXy9r10cwmMBg6,Nanny,Goghin,0wUAzIiqdE5zYzv87mUJ5TpSE
,Customer,f4tasTE3lKo1dN8ANnAxcUWK0V,Shay,Van Dijk,XZ7K13Y3Av7D6aaN4MQStTuIpT
,Customer,QNv7F5WRiQHwyU,Oberon,Mettetal,K887HKY1xEdAHT
,Customer,KwBH8unyupU,Melita,Pendleberry,llbUoYl7k9D
,Customer,1ipAhNbNHfCfyd,Jacenta,Byer,uJfFk3Cq3RjyXe
,Customer,35gNLDIkfLMkDeROZF,Nonie,Azemar,s5Wp4nJcNhzROzdaU7
,Customer,N2Pc6C2nt8F0246ls3,Nadean,Jeannenet,j1JhNM0Z6U3SdVVVqh
,Customer,xERKYAPH3ZMmhh,Kayne,Haslewood,Vmd4ers2COlaOV
,Customer,LV68yovj,Helga,Sayes,AkuOVLsf
,Customer,QVOX6g7XLpguF8rq,Lucky,Davisson,kFAjmTXnkYgMLU3Y
,Customer,J96W346P5lcHj8glHrYkRzxFJfU1,Salomo,Isenor,TgqitugVUuel5OLVpRdqT2x0wpit
,Customer,PQtg9NZiCGcwSjzJ8MOYdWD3vWkVr,Kelcey,Regglar,k01gsankOB6VLckBGjRydUyMbuuTw
,Customer,dQHJDw1Kf1hYhnVZQ2trN2i31Qyka,Nanny,Spalls,WoGKNukTWilQVmxeaEHK6tsk23uQh
,Customer,qo6A93CnIoBK1WjD00cXZFsIHM,Rafa,Azemar,KXaaRdtDoHbdnDNMQxySxHsjJT
,Customer,xFrNpBobuws1zqCyIgO3,Shalne,Younge,nn5gFuVNbPzndZM3C7le
,Customer,c902eHdT21ImGU,Marnie,Tonry,oXxLKXs0sxhtgQ
,Customer,ChMnRbMFebOJrUKYdTZ3Ggsm,Nathalie,Salters,fS9maeXcp6KY7Eld0BNbGYqy
,Customer,NrdqTQxpPGZ2QYP,Deborah,Presser,nTgVQ1xDZLcanlu
,Customer,2BCfMzGx9VggnfiG1YwAzEwldK3cr,Nonie,Sayes,k9iZZWXjaPq3AgOPXhyYZipxXQCbe
,Customer,lddQarXkmX2dnTr9n6OujMBB,Myca,Windibank,dro1mCjpcZDxJjHqVuNYv1NI
,Customer,bKjbx9BW8DTw9Hj2d5HFgMueIAVacfd,Tammie,Pirrie,Ux3cNT63Qhmv0lhVYDaCziuHabhEnFa
,Customer,dwHfyqd0i7HqoO7Ln4MIq,Kristy,Roubottom,EySMsZtkeKnwpYFiJJNuL
,Customer,WmKqc8AKYB9o27zNq3DKhI,Lou,Klimkin,Io41BnC0yVwDsdisneW2N1
,Customer,J4mmCvgerRsUP6LOL72zR5n5y,Myca,Ardling,n4UnDUc1GTtB3ggWqf2DQLqFo
,Customer,4UbOvnQYTm2DkRJsJE5v6ichY1Sbexk,Rustin,Brimble,fQVS4DNeN2RPaySTuHHKKqccWjSEZFf
,Customer,mueuL5NWeXeANS,Freddie,Washtell,Vb7rdwI8l78FwQ
,Customer,Fn18LIC2kng,Dita,Bointon,soASPMI96WL
,Customer,n1H8uWbKIV7tYR,Nadean,Hartus,8H3yIxzsLczL2F
,Customer,BTq8udg1wzuf40vVGCj5,Trever,Rabbage,FSKW2qef3Vp0UJD24fnE
,Customer,TCntzrMp,Malena,Percifull,AC04rFb2
,Customer,MxfzzufMHIYqDEq5YZ,Lawton,Castelletti,d5gDKiUaXujJvPj5yi
,Customer,MDbSmM0t22jUU0XZvGco3lDGHiIYE,Nonie,Matveichev,SIRjN437RLNAUunV2UZG7FcAfTpXx
,Customer,2hy0koAHZpxTFZ1sCE,Sabine,McAuliffe,NzeViLdY5ErgDYCHzA
,Customer,revM5PamD9m9LZtDi2PnDFL,Rolf,Missen,NsIDcirjkO7uPZ1saKplaYW
,Customer,QT2K5x35qGdoGJkn,Hillery,Flegg,wRGS8M5PwwEf29xV
,Customer,dcYhBXQo0h3f9hKrQicwaAAyMzT,Lou,Beceril,Do6Zj7SJivG4BNbjMiNMFXmn79U
,Customer,yHnFk0LPV4FVLCc4xUwLvGWzGi,Shalne,Munnis,TSEap1JYhilDGmlPXp3s1Wm6qu
,Customer,OsUoYMBFH9O8djBpqpVIKYVjtCj,Nonnah,Beglin,nzEdde1zCUrqd910m4lJ0hi0Qdf
,Customer,2DDE1JbkNkjJjjMMx0wA,Malena,Jakel,b6iUZ9pTHHJYhpfipNPb
,Customer,9TVmDLYqLIeTaPqKNrDvxNs3Z0,Barn,Stearley,o4lLBjXVRn3bhOIOkVQd7q7mup
,Customer,7KUjMYA2u9L,Nonie,Spawell,wIGw584A5rM
,Customer,0q8eNxSWfNgNVbB5S,Marcile,Younge,Iopwma5p4Efohi4P2
,Customer,6EftDnMW3tdVi80Jzya,Margaretta,Pendleberry,H4AteoaJlj10234HxQC
,Customer,SjmPjXO0DInbt9PdRuC,Denny,Byer,v9fHmZBfArDNx4V3mKE
,Customer,Csgh423RZqODkgR1cjmFbyYldIHvC,Gearard,McAuliffe,3fmNbnSyGNZ9LgnsL4Dzpg2tQ3M2U
,Customer,CKy19GV193dVYyhSOPiwVkUvCWBzYxH,Grata,Beceril,iXsRvtqpmWa6qgyNHN23Q6TjO3OlHpk
,Customer,xlek8E9nOwl,Agnese,Dominici,qoQ6re1ykrt
,Customer,ZFeNu6K4aBgFKz6pq0s4,Anson,Landre,aFwvs5mNWYFYVwgDkPLA
,Customer,ZswyaVJobjsLp1lU5FCsal7r0UVgSJW,Freddie,Emmatt,mjkMy5T5RQytGeeloDDnCCtlxODWVpG
,Customer,uGS69PCJ,Jerry,Holligan,lRuFrRB7
,Customer,NjiLVTsoDQGD30byhiIuKyYjxYN7MYW,Clemmy,Roubottom,ZdRc3MGizjELkS0HWJw3FV8zVcDbRor
,Customer,BTdPs7RxNVlg88QjLBnhY,Donelle,Younge,cKizLce0wgT0nJ5qZfhRb
,Customer,99SIWY18EgddC0iMRk616MuP4J,Allister,Haslewood,GQ0LD6brGfZetjdsT5EKttbhXw
,Customer,PIm7l2Kktrx,Salome,Beceril,8dGSfc9v7TK
,Customer,450QWsB7VwkAGSP0UXcd,Kayne,Hartus,hoUWvwX346JA0yRbsTia
,Customer,97LDHfR5,Rustin,Boatman,pFKS2ggT
,Customer,L1m5WJ7ts,Ollie,Van Dijk,SpXsuBwXj
,Customer,NmCXlxRUk04WTAvtbmzztj,Clemmy,Jakel,eJuIrDHirZiaw7RpvwzSH6
,Customer,CJ4UATJg,Clemmy,Mayler,qhzIPaiT
,Customer,e6kQmPJGV8,Marcy,Flegg,ZwRFs88Vry
,Customer,GIyKwONoeNlXKf2G1,Tammie,Tonry,Z4VOMPNKor6xPj5w0
,Customer,hEdkOOWarxLwiWctBdRH,Jodi,Landre,yOg2mlztTXionpUI9tQt
,Customer,pDxKxHrhiPIx0H46okPQ,Bone,Isenor,EvRCpvOzwO9HheUOcwVH
,Customer,KFd7Qs6JXfjOzpfJJ6MljiVCAUmUvLH,Vale,Mueller,eaKSQMVfe1cu5JR7nQOIiBtXtgMvfxf
,Customer,NQBOL4ekvPBQp8YHvHqGtEHi5P51Snz,Rolf,Burges,oSjP60rxS9rQoGEa7JsDcUmT0NoLBZ0
,Customer,z6plffz64r,Donelle,Enderby,5mNQcC9mub
,Customer,XiMru8BESgV,Helga,Missen,CrS2E1kwjaC
,Customer,YmmWY9x1ekW1aa0tIlUmGnKjq,Natividad,Hector,ulwEsJcA4zHiMRWbly5ru2eXX
,Customer,5wpsucOpb5,Shay,Jakel,cQuqolEA8s
,Customer,Y9YOzg5FA3RpJK,Stephannie,Beales,FbvIE9wqtEswZf
,Customer,zLyIJusVYBOt0VHQpbkV3q8,Sal,Tillyer,O5Qiyvm4xpvhwqwzXGTOhg8
,Customer,284o1w2WhaIOcmhOYqD,Kayne,Younge,QuNAPVZAnVul5yCvak3
,Customer,wAqFURkD1xaHIm9dgcbBZlBKlMR,Rustin,Shirland,ezGoLVLdGvMsqbJTpJOcV2ucLLT
,Customer,Z4NinPEq1DYEWxpZ,Christoph,Corr,rB7YYhDW01Iw4imk
,Customer,ulNbi1m3HS7cxxsUUekbZXgJLJt,Ollie,Azemar,fuudBCl2QIuErrfusInsTcqXKax
,Customer,EeWxUMcXaz6V,Trever,Iacoviello,qnCAE2vN53fY
,Customer,TrayLQJNu,Cecily,Duding,qZ5gGRcXQ
,Customer,ZNzEERhbV99c3H7mM0vPoAXqbS,Trish,Geely,jriBordyAHOGLspUkpgOj87MJh
,Customer,Vyeak1KTeKgn9gfUDUUcLLm2mbS,Lou,Spawell,6ReJrds81b1tbDhW7yHjdXSvn31
,Customer,ecEvTsih3n9xUZwyRV95sp2rKIHYW5,Denny,Enderby,HnuevwDYLP96GSzcMoNvfoq1TZugdm
,Customer,Sel3t8TIxZ7,Cornie,Reffe,WAOPVUoksUY
,Customer,jkHH1Jyf669cqZJvrHTKTAX,Helga,MacDearmid,4vg5mQTJx7EWDn4ZdM3uaV0
,Customer,Uu3hEociA,Freddie,Corr,y1uMtHOua
,Customer,CIcSFxv7U,Kayne,Salters,G7MAqxTig
,Customer,NSfaDxtUebf62MNm6x6,Nadean,Geely,3rlPxYsbUuRcCvavT2V
,Customer,i59RoiihC8jV,Marnie,Panichelli,Vw2aS7Fj2lGr
,Customer,EB3sxeKz2KwxGA2C06Ax2,Kristy,Bakhrushin,eqE20l6YiJ6wXfwylwyYq
,Customer,yHnuha8mCqHFEfGAh3wXpA2GzU5PE,Kurtis,Duckering,wqe4fWwUeCzGHlhR0xjYuXYSuDTXV
,Customer,A1vSPKUZE7pZUcfpw0hutWwhnOa9R,Dita,Iacoviello,JmUtzeSVhwqhoaMTnbRFkpCVjLmXi
,Customer,zeOcxycsXeF28n,Oberon,McGuinley,DdFk2hEfNij9uz
,Customer,cTfeKcYGFO5m,Natividad,Mayler,FVml5NLSyCxT
,Customer,nk7p3wtV1g1JGFKBDqj6S,Yankee,Brunone,iyc0KytwenZjOkuRMt9Qn
,Customer,RAs8Y7WeJiRpT96PXAc5Jwht59gOqdF,Marcy,Burges,UZXtaSqm5hOgZzFQ5hMMJItgtY5ws6J
,Customer,CHJNC1CfAkY90A9uglVSBTt7U66xic,Kelcey,Reffe,hllmNvp4c2J4zpLtd6oGvsUpFy8Q6u
,Customer,Lx0f1WjKmF35JaOEMe5cikEL5,Oberon,Regglar,xD7orTA06flHalfIWjQHXg5Ky
,Customer,4BcdqkqM,Gerda,Bointon,2x47gZ1f
,Customer,WU9BwTHKb6Fu1YcJBwQQZasW3,Shay,Tonry,Rj4BccAeN7wp6CJkO7DIQelXB
,Customer,icaBVR708,Myca,Salters,7xm9n3p9M
,Customer,VnoqyeWzbormMsOSWIPOoQDkaAalK7,Tommy,Mettetal,QeQVh9tPzmLnAp3vdiktRd8FJkMTMh
,Customer,ZdvALszDePLaWcoiEiKkxCQ,Shay,Haslewood,DATmcbLZgjwCvQaJRxPXmJw
,Customer,pPziJa5V2d3uXDWaS,Nathalie,De Morena,AdSKriCpNhk9d6ghE
,Customer,arj5zQcCZOCTCEP8kAzgJmZt,Dita,Regglar,WPnO9PkUlc67VQ3i34lkXmUA
,Customer,4TuVmwahS,Jacenta,Klimkin,3BeG03pru
,Customer,HHr84avrgg,Felizio,Regglar,TzCEJCtHRp
,Customer,YmQs16x4MP69OwUAvuEqbNOn,Valentia,Frickey,C1Isj5vyRSOWwO12oxWhCqOB
,Customer,WvPotSIxcVDRcLu2eeFG9u2,Matt,Castelletti,Uju0fXBV8wsNcJSIGRutpUh
,Customer,FZFRQL0RtOYskHKhz,Sabine,Gyorgy,SGKUDuosR7KghWSjU
,Customer,oIYOo3tT1,Dex,Stearley,bwVCAJrvY
,Customer,dpAXj6XJN9ToB4lWbS,Yankee,Hartus,27BeoYS33wIqsI8e4u
,Customer,zi0lrIqpd6rjo75cIl409WyCuG,Lou,Mynard,H3koEO6XCSMRmeMlBHLoiD3lyv
,Customer,6kcqmM0qn2eT,Nathalie,Roubottom,XO6tRMECvdDO
,Customer,yXOiXyaFYuEJiugbyZllXrYA7R,Boniface,Rabbage,lFWY1zgEe9Dli70CbcrZHlGwVI
,Customer,9Cd0uFOERBbYsLa2wjxIp,Jayson,Emerton,RBF2QRPFtWTGgl68JGywj
,Customer,sLo1ekEdsumccpbFswtvvPvpgRdlF0V,Vale,Spawell,kvOCgZWh8OekzTUkSmPXdJ7BOgPV2Od
,Customer,2vrSgxepgLoPm8dYpB,Tracie,Iacoviello,eChUxo0BJIZKhXCCcS
,Customer,gP1Pv3r8RMXu4,Sabine,MacDearmid,i71PevpYi38rc
,Customer,Urt26HQEYg0TOlApyWF0NYX,Sal,Gundry,brO7xZRKXAyUHlhj8kAVJ8g
,Customer,PPX3EPklAn,Hillery,Bitterton,4c0apu3GjG
,Customer,ARDc5TYkPI6,Boniface,Brimble,3truT0G8fvl
,Customer,BfJdl0xmZ23brvJmh4MbZjfe,Neron,Panichelli,5UbFeVNsFi1VnaXHKJSus8tP
,Customer,ZP96SVswZEpukYOI0xBS8,Melita,Bointon,BM1SUuUkEAQnodjfhFJGI
,Customer,g4q1jYmqpDHTdoi7FrASwHXO,Freddie,Gyorgy,iHmB4Y6VKynfCTYqoTdjFSpu
,Customer,9oL0uT1RyaFiJT6hL38Dotd63yOtqTm,Lou,Bakhrushin,CsgzmpguktzmFbYLvflkpSIXnWaRzn4
,Customer,HKpOKzAArCn7sEDyDRD4idfomWMH,Dita,Spawell,WLKiJ4sjzYEnOxNZL2kn9MnJMQao
,Customer,zPIXjLOOqPvcvp8R3J7ygtyQjcfUieQ,Trever,Tonkin,6lrx7dRx2yJh6C35hfLFKYGLMNxDo43
,Customer,eKy6uNATnAQmVqE,Sal,Salters,9mOe5JIO8Agn4OK
,Customer,KjF3XO3jyO6ClxB1ZDEthTe80,Bone,Byer,IWVLhZLDniuc9HMYk6fAQ3VmG
,Customer,52EikRvBjmc,Gearard,Davisson,a42e1t8h9Xp
,Customer,I2VUWSkIAHYyLunZr3zuCHP,Richart,Panichelli,hDn6zdCwnycq4SgPUEqUeqX
,Customer,cVW29b4f4tyO8gzGzk4MK79MOTa,Rustin,Dael,amnJq4vPbJ83pWnWrigAkV53dCu
,Customer,nMUOM0f0DaFIX,Moishe,Percifull,pjqTX7NI1VO2n
,Customer,QAXU3eqlYZOnYZIiJUGdtqg,Deborah,Varian,0QYmMC0V5gaKzox6YAuJzX9
,Customer,P06L7KbtjvpYZ3joAlleAsyob7gSujo,Shalne,Corr,2KOb8UxChWRNQxmF9YOAxzveetrkR5k
,Customer,E9EWcDBhl3wwB0S8,Marcy,Castelletti,hcY1xzGwjzT1K6wH
,Customer,7UdflYfQg5Pu3l,Hillery,Azemar,TrEB91eUGxhmJC
,Customer,BtsMljgdMCKu9z,Richart,McCallion,JgKY548h9XwS89
,Customer,snWLY3noSpNUn1R,Donelle,Stearley,Di3az5ebeDjvTvn
,Customer,L6gTEwbMv69PI5YAsfOZ,Hillery,Klimkin,UUNm94QfGFSWGp16kpas
,Customer,AzXdZgzSXTOv3jJi0i8yOkmN8AB,Agnese,Beglin,XRY7CbVBGzrxLmq2SfwMueOVBxm
,Customer,ue2ywVtj0,Rosamund,Haslewood,EzJGMQkaO
,Customer,FOx7Owypwoa2OOAXo1itinWGFnZ1sh,Cornie,Enderby,Ft8Cv6blF2dwJJg9gLOdC3njEgVLgb
,Customer,yYFX3TonaroIH48Su0N4qrEd3Mhzg,Salomo,Savine,oOADUDaj6hsTadv8RQCVs92LqwQsw
,Customer,20fjeR4PCEgU9tdu,Shalne,Tonry,XngqYYRkllaZISY2
,Customer,XqLMvOzkZxy3IKeeDYTwIROuvM,Shaylynn,Foulsham,CZquBkUAbmSOjuehMx1KbFBqqA
,Customer,q20AmA66cn3UNywcS,Kristy,Regglar,cxY7tA4CP6d8xUHdu
,Customer,G36GjZ1svnwLQ3bPSdFKGuZ9kodbB,Rustin,Iacoviello,a7f5wqGdoXtaxSSzWEdt6H1KGuzUQ
,Customer,weph5qo63svQjCjdohV,Helga,Shedden,9TpBH2vZiCJVQFrD77M
,Customer,cPaVRQalwGVn44s7RI,Terra,Hartus,Mr9tPCwb1gwnCNolYb
,Customer,vXsAfwWP79IEVDWDxc,Terra,Geely,L5FEpCA0er3jptpXrW
,Customer,gtbgBtF5ALHh2ZbqeJwrK5s92,Dita,Foulsham,yfmhUhADUrye2NHWviVh9Qdzn
,Customer,bhVTznNmNM4ISwF,Denny,Jakel,Dt2hYyrQWVieVpV
,Customer,cFhYJaqXjD,Yankee,Goolding,8CiCVFJtO8
,Customer,mnKKytWoYuxiGWgS2vNI9gePw,Nonnah,Hansman,n3zazWjGQFfh6OYFm01cSTI5l
,Customer,dkEq6iHdHb9Iuxv,Stephannie,Roubottom,qdynbbd5ApYgxSv
,Customer,pY15uCCPIRVW,Yankee,Castelletti,4KL5ii53jtoj
,Customer,zJ550SaM2CJJGgcOsl,Trish,Roubottom,0I1S8s7eMdCCbznn4l
,Customer,LhVXkdy8zEux4rStyspY7lpOzovw7c,Torrence,Gyorgy,p2CPRwlMgf0ROKdc4pEf9fi2FYrWnM
,Customer,0pU2WbCAaJgP9spq,Lou,Davisson,sx8NiBxATwJ5zNpB
,Customer,zBbjWXc4PZ,Tommy,Duding,Sb2AhYoI3t
,Customer,9blvzW4krGSGFqy,Donelle,Gundry,UBFx5M6zG2SrpQm
,Customer,PVW26SZsllWB,Malena,Beceril,lkoJSZ3ewlqx
,Customer,L6ykLPJah,Almeta,Varian,H5esYU9Gn
,Customer,s05eHQAAGuiaJW,Melesa,Savine,JjnsCWBvfDYpQg
,Customer,Ojfb2Z50Aug1QBSnd1c1x1o,Stephannie,Salters,IyvGPyAZa4jjAepxnoEZVoM
,Customer,EMjw1s5qnsc06c8fDPN07RDMba,Kelcey,Byer,0gM6zDlbHYR9nwpu5VkiU4OPm8
,Customer,fyxUpxpfe,Stephannie,Shirland,TTcsDTAs2
,Customer,ArhBNIATBo4olp,Vale,Bitterton,Yogd3BwLFdoVoC
,Customer,B6mFvyMRex1EZ3n,Jodi,Paoloni,m6AnWcQhPKYB4Oc
,Customer,ajqwr4gekTCoDzmNiTSAjzuks0GrDJr,Truda,Mettetal,JkNJcl8GJOpL58bOuqwkakdT5E17JaI
,Customer,QDEyO5eVma,Deborah,Dael,ZYoc0oaQ7i
,Customer,syY8InfAv6dUNunnhHFFqiSABsH,Osborne,Klimkin,BFV7g9l7A0LLadhvs7houQ8QDVN
,Customer,R2vxEE83vuSo9oJB2mJv2pXk4e3,Arch,Landre,MIW693xKlMNSDNMNcxyxe32J03Y
,Customer,deAt87mDUXAZ6UL7YN,Rosamund,Tonry,rDWR72pp0datqO6OHa
,Customer,OYeje7yBB3aeXEFO1dL0Hokywu,Reinwald,Tonkin,paOFSOxRkvDGURAU8rLIYPaC9H
,Customer,5FTwp749,Richart,Tillyer,P4y331Z3
,Customer,pIkOfeP9D,Nathalie,Roubottom,1SV1mV0sl
,Customer,zocY3AovsVAY,Valentia,Dewfall,kBU9rSwx5k3O
,Customer,ZWuXcoZi,Clemmy,Moxsom,zwvBDufo
,Customer,qDpoH9rPcZ8OjmH0nbn7yPunzubSmD,Christoper,Roubottom,pjH2FhwTlkCXUzw923Omw8iy3ZuixZ
,Customer,NxNGjJRyleEFqN,Allister,Regglar,JAKcY3Rp7YDQlQ
,Customer,HRofmnCAs41,Gerda,Beglin,cJw0COCui6O
,Customer,CX7qaGl8T3u,Dita,Panichelli,aw4jaIK1J6z
,Customer,F5l0G3iLjZm5hT07opi1eP1jC3006f,Sal,Azemar,RuBHgTlJvckioP4JVVSpQZqqcIsyjx
,Customer,Oeoj1eqEeZ,Ceil,Salters,4ghtOZQVhY
,Customer,DDMQCppFkOODhxduHLLg,Nanny,Killner,XKc1mis9C40vv3U9zFpZ
,Customer,nfFzXEaJR3AgYRdp0nh2QDTuWR2uIv,Salome,Joannidi,sNKP6Y0AeCHdTGmO1gTDKhWvAwQDLo
,Customer,MiL5wLWZ,Margaretta,Boocock,2NSmZhgF
,Customer,6DjoKDtgcLKsmZodOOqbWvv,Janetta,De Morena,zuzLIDctcB99oYTvlKAc5WX
,Customer,ARlU7cQvvReI5z1ngB0Jh,Shay,Hansman,aq4Z7tZ5RSneTKeAPiKcl
,Customer,uAU4JhwfW,Anson,Boatman,Lw6HEp31K
,Customer,VzUrqHt5,Kelcey,Bakhrushin,P4FrBJG0
,Customer,uQbysgPMEYD8Pz8WJkTx,Shalne,Jakel,PkU0UF9N5nulogC0oc3M
,Customer,Xd7unKiH0o4lN,Vale,Killner,tEtV37CgJ9A4p
,Customer,ErxYOfFN4i9aZf5LQoYDRdDxtQ3pLD,Jordan,Dael,7YVfAzsZ5IRlkzQZxABmqE0tBHeaVe
,Customer,d8s2NoRqADvbmVm,Sabine,Aldham,xnKt65hFLgb6579
,Customer,N3EHfzMPX3flHf,Nadean,Elix,bifDsFF4RfJ0vp
,Customer,GXYtIJXKqTDN9lJJCj5au,Anson,Binion,BGowupvi77y2SW61kZpHC
,Customer,sBQsrcpmmEoxjcY6rqHQYu87jo,Rosanne,Davisson,rObFnBGnsG0vhOk6k3cdTm4oiu
,Customer,8EeH0819mgr8PgJbETvjIzPU1,Valentia,Giorgiutti,QE3qYPE8fk9aBUVxFdrCtsgIN
,Customer,yx9Lwnj34dRnMgYletK4cU1CgTZR,Anson,Dael,DZJhotWWO4vpKDLI0vdRbb3Sk1tS
,Customer,nO5gaNMumfiAJ30KQuLmoJYpSA,Ollie,Dominici,W3sZvt3Ta5vcA7U9Ucn7iVFs1b
,Customer,fxjKQRlcIF8trxQmdcH80SF2xzVWs7,Janetta,Holligan,SFr9tRL1HZoZYLayppfIUdvN9RB0RM
,Customer,n6hKWs8RQadrnqVTR19370WH,Johnny,Joannidi,POlTxgiBXENPY2p06wnTeqx5
,Customer,CXeqV3jXuwfzR1vTgfZiCpR8,Kurtis,Rickman,sqkvYyEO3JjeklfWuFaxB4Ao
,Customer,rXwXLqQ0371vbGXIZeFDMVLp2G1a,Reinwald,Panichelli,xeJrLSMOri4cVjnH6Kh5c4fl4tuA
,Customer,UmUZ1ZShxxPXYHXm0BONTSQjsa,Agnese,Corr,fvuMpoifDO5MhbrYO1eFtzH9yp
,Customer,RkIylkxWBjdvCEyMrlyPwsiRhO6GA,Salome,Tillyer,ylml40xS8AtXSEV4UKEUvnsX4oWqi
,Customer,BcR1u4sDfn1LvR7rFzd,Barn,Roubottom,qMhiktlR31hYK61mIJU
,Customer,ZbTjxq4RM1rJ,Shalne,Gyorgy,LbtiWp4XkHaX
,Customer,mEaFFFb06xD8iSe0HS,Jayson,Moxsom,txf7HRMX2SJ9FLTv08
,Customer,0D9cu1NCnYR5XASsw6mi,Marquita,Killner,HugWv1SqxOnBru689xl3
,Customer,4P8XjxRMa71ULnogvHxRIt9,Allister,Beceril,Qss5dmTWh9CMbVN3tGPxIDs
,Customer,VJG62idta2NSDLQRO7Lw7wk277CGO,Felizio,Joannidi,k5L8bCT746aDKu9gNaYx28jihEB2G
,Customer,tmGPzwjmQCwq7ommPuMcsSx3vNZnr72,Cornie,Jeaffreson,T2Spp5qqZ9BQ40jxSC5ZBofiyuEqRID
,Customer,Kx6KYEnI4Y02dkgDg7jMf7OB3j,Salomo,Bitterton,CQkeBG0jCuuEyMiz1RDDLJkE8M
,Customer,ndQI1PmbMfkcNsxN,Gearard,Mueller,UhzyiiW55SrJHxxi
,Customer,15qb5OZ7JFkmragIINGAAoM2,Dita,McGuinley,PXMcy74dX3pi7N3WSD1wDJQW
,Customer,rJdwIZtNo4MVE,Truda,Elix,8UdEL2jlZG5oy
,Customer,EkAJDAY8eSXh,Sabine,Mettetal,Ayg175nYbiYv
,Customer,5nY7Cemd8becHRHLHI0JzCim,Anson,Rabbage,kexEzXwtwxPeQreEgbfntwRm
,Customer,xIB6FtLbd4MTRRXgIMRBKQm,Christoph,Holligan,5gO25yHZbgBUuMmqbgQNhOn
,Customer,7PhwRnJfrQMebonGvfyIshg,Jayson,Younge,qR5a19JBZSZHnT7cq7njMSe
,Customer,0lNdJSuZcxz,Rosamund,Rickman,0njwGZkD1bX
,Customer,8elKgd1Mb,Margaretta,Munnis,BDIeL1uTZ
,Customer,BBZjwCyb0vXKKt5xG0IDS4TJ,Kat,Beceril,cC2Ufj2SeAYa7cHcYwVNODL2
,Customer,bFkKAEEfghmD1gHFJYu4WAi,Marcile,Bitterton,5M26fZaJBE8ciyyxgaFjJuH
,Customer,9otA7CqPi0FYw3wlM9b,Jerry,Shedden,VxiOfTAZHnnefsqcIpv
,Customer,fxyCvS8uNuW0GK3pCIYB,Melesa,Castelletti,GDtGoxEKhqDQB3hXWZDv
,Customer,Dvomic4sYRZc8X9kqqK4TdO,Lothario,Bakhrushin,vrxwgS9vEs9tn9gajdkjvkl
,Customer,82BpR83Wd1n3KO,Hillery,Beceril,lCndqmSKdzRC94
,Customer,OgViPaTigP,Sal,Holligan,T8Palwvjtp
,Customer,n98c8g04T3GmQVJ4fsNlVpjFaKPzV,Lothario,McAuliffe,xalko0cqe8KhJ3745IIjCvrvEUnIq
,Customer,n5QKEsQhXnNowqN2YOYBZodI,Kelcey,Mardoll,RH3M56fhYYKAfgaBBrD46nEB
,Customer,r8V9FAVgidX1p,Malena,Jakel,B5pXxHrIAAb16
,Customer,jjg0JeaE6aRimzkKdsH7dFbLc,Reinwald,Byer,W6etZv5wXjgs8Ha4sN2EFTVzm
,Customer,5eZR0n6r8VV20,Johnny,Hector,nYWx8fcaKIK7t
,Customer,e0jhe3sK1SI4uc3Dtu5LY,Nathalie,Regglar,naNA8YEjC8ZDbrGWStZIC
,Customer,CFtyE68BrKGoUmQv3T39BZlnH,Ernst,Bakhrushin,BdhGcUq6QWhym2Xjnk9UfAWPn
,Customer,PDRKztuNp3rZ,Malena,Jeaffreson,Ww0KcX64Vnxq
,Customer,oKuwOTE8qp1WSyogmsVkPe11a,Shaylynn,Avrahm,m5Icsa6M8nBbAldqVH34LOuy5
,Customer,fdNEerXF4GEpC,Manny,Avrahm,aicpp684Ju8rY
,Customer,DLzO4kgRnNd,Jordan,Davisson,ZCOydYcAIp9
,Customer,TiJ0GOw7t4tFyhH,Kelcey,Beglin,FMfgmb3MdZpAfsW
,Customer,VxYqVKaLmSUr7u,Ceil,Azemar,nzFZfJtPAX7htR
,Customer,Ru1PH4L9zj14yZcY2b6NPFKT2n,Jayson,Savine,O5yO7vuMyGxSMXp7OtHMhxAYXf
,Customer,Tx3pwBI8HO,Malena,Rabbage,UL0kx3Y6uJ
,Customer,AS0Q0GvzZMrmgcdgJaKffTff,Felizio,Isenor,emzbJZp0QhF4T4DwCkkBGVCD
,Customer,mgJJHRkoKq6g,Torrence,Sayes,nnZQZalSQeEc
,Customer,7Aj0kjz8nWN5KkbtFWGJGvqO,Moishe,Klimkin,Ji4au4RvgCwNfxrvwg4uldBa
,Customer,IXye03QBIN,Nathalie,Mueller,O5A3t4HuYB
,Customer,J2JYho60Kz,Yankee,Ardling,KarqZ2mJxs
,Customer,WtZLCkqVM4r7CnaxJnGH4v6rsGJD,Ernst,Shirland,mjvmRUPkQTMLcKIWej9kAFQGXdWH
,Customer,f1vO1pGSSKNhEeU,Grata,Jakel,faxzfoS4vXwSUBZ
,Customer,UI88GozmfW6yNIAduvwlzY0D4fZ,Jerry,Beglin,gIg39Z8UUN9mzXTQtfLgJkQkImw
,Customer,lWwFy9zdl4pvxM9mX1,Ramona,Gundry,afujqVCTm7zgxIZ1QY
,Customer,vyYWm8CW6RNZ,Marnie,Killner,58cxA9mXPsc1
,Customer,Ffe3jL9J4OKJHBty99LmObOkG,Oberon,Hector,aSDgPm2EaqKNMahWUHr9mATiA
,Customer,PAPQ4pbjkaMNrz22YNHE3YHe3dycl,Marcy,Burges,boVpzliDw0g2i52bILFOUj1v3fGuL
,Customer,W5yIoS5y7DKlfNyKXtXHmYE33iK,Sal,Killner,fJtzYcAsZbW0Tj4v0poIAFB1BqU
,Customer,bnIFUgNMUxAIcmu,Dita,Varian,zhPDap1OOiaIupB
,Customer,Eyouv7sUmvK87pUS22m5eRSj1u4Pz,Gearard,Corr,YZKNZ3ZcSTScvle8Ywgx8XCfdCYYX
,Customer,RL5zgBtusf6tl6uxpg6cmnVu4Qm7,Jacenta,Panichelli,uuORqEvDZW8hoUrtieiOztEREkIr
,Customer,fiT1kyh0DR9uo5VjQ5S5,Terra,Klimkin,eLzGS4CY7xVt1A3ymTFa
,Customer,xeKzdDhlDt6f79VRT6dopWQjef3xQHG,Joey,Varian,mHzk2YEIxlpHJOJOxQCBwGL920MrKe4
,Customer,BtD05LutGx0bobwLpK2Eq,Trever,Dominelli,danozmMuF5Kdjity8qNGA
,Customer,ui6cbkhdV4OkXHoMJM4ouGzin164bc,Marquita,Varian,s2T9GY0gGGRglWmzvMcHPjhGvgZbge
,Customer,19iNNkUhX9V5TAosLonUxjH1vWY,Torrence,Goghin,JnhC0QqUr77kTpxkrxmUqP2WGTQ
,Customer,l1ejwK00iLn5SWmpxlkK1Koa1Rlv4,Nathalie,Beales,oDSGwDqqzmalRunP7l9qMiUebX9j7
,Customer,OVdeARLYhcINND7epynGiPtYCO,Moishe,Presser,xdSYG4HOgsSbDMoFa3Qzl0zveC
,Customer,iAtY5asuYsLx6OcUjvPdld8NNCY,Marnie,Goghin,GUki6Km2rVx6AGwkch4WGVSo6P6
,Customer,f5GNJUTu,Shay,Pendleberry,vLne01Go
,Customer,yZ2rMQza2OofnpHu1Y3H,Sal,Spalls,vJ1j9ON2EZfX6tAqvmzU
,Customer,Y1VNBSL6,Shalne,Avrahm,BNC1lFYc
,Customer,k08etQwEu1Ak,Nonie,Roubottom,vWxKuCWRwMaa
,Customer,3tMrgIqQmprGwU7BQCxAb4q4BRwytB7,Stephannie,Tillyer,wv15N5jBVXSVCRHRsmTHTR0sF8C0iX0
,Customer,ZzwP7JL4kCdZjDBBF07NpPe7TaY,Bone,Munford,v23Ko0OsVrC8omKGkcwiaJ5EghR
,Customer,JXzXU9vf9,Boniface,Enderby,9V2CsFnI4
,Customer,Sn3i3G0jMIAXEwnNPjJDi,Gearard,MacDearmid,qjDsw0TMSgJfamK4Z9nbE
,Customer,QB8EbwBI3b5kqtNPmZ,Dita,Bointon,ZDaKBaOraFsEaiy2xF
,Customer,RgPRqQVQe7LEeBW7tgTf,Kelcey,Salters,Ak0tp9PUY1qRc3RyN8zR
,Customer,H9llctxI91jp2UF59xFeVEoKFoWPQ,Lothario,Goolding,FvFpTrt0TSx5x5HhD8xx1v1eQd8nZ
,Customer,LpU16G5ZhqtKljAjHpm1tVZpZ9,Allister,De Morena,3PjEaGyyU7cbKWxu5ZRv0gYdYi
,Customer,q4wvFrBE57QWnRF2Ug,Freddie,Durtnell,wkXyUZR1GZ1c9IZeXa
,Customer,7c75imp5OTzCG2,Hillery,Percifull,u7O9MGb5jy7QuD
,Customer,YcaJl8IZdaEQQNU13WHrgy,Melesa,Corr,Y0sgHG2aafFi8y89bkBGbb
,Customer,aRzWWNcul0Pg9rnydIjPDGYXUeZ2yU,Shalne,Landre,VW97kKP0Rswn70ZEEjv4q8YIbwAOvc
,Customer,W5kB3phD50dbmlDyXMoL5,Cecily,Munford,W3G0VmwCXXLcJrWSK8o3m
,Customer,r6i0LQJ4hUYv,Bone,Panichelli,hkTLNHcnV602
,Customer,ZmthlLXa4jko4hcLUndqWLZBnO0,Christoph,Dael,SNyTnczrbRHLq9qNrk3cj1TnBTV
,Customer,qAk97BjW9wAk7djt1fJATWmVCoEhxF1,Christoph,Dael,ZJuuxYtWRhZNmuZSyi87jRvfhRzBVgb
,Customer,UvedUwhmfkV5J08YwWScAJQY,Grata,Presser,ef5AH6QWMvJRtmG3ogtXNs2i
,Customer,Q54FFv77yXmKtIGJQC0Ij,Sasha,Bakhrushin,LMSOV8gOK7Rvi1CepPqJc
,Customer,0BlYpQOTvgPdEZ9o0HKLpdC6PAiL,Boniface,De Morena,Q7AjUgKGeBGGQE0IhV81HABUtmAZ
,Customer,6lmyjIp1S4Mqcqct7L2F7,Jacenta,McCallion,ISp7mWEjLc8dHT46FnjfE
,Customer,0I2xKMOGf6s,Rafa,Boocock,pnCtIo2uAAK
,Customer,alWp8cjDJw,Ceil,Klimkin,LhTto6ruBf
,Customer,uMmTGnrWGQsfMHgqErPa,Nonie,Savine,mVnL0s3sKxK7ADPlN7bu
,Customer,8za0zlNLUF,Truda,Boatman,Z1ck20b9cf
,Customer,Qv9z7cxJR29,Donelle,Landre,7LkY3ccRfPU
,Customer,pIgBiEEjqczRSQZXVbqKh7kdEnY5l2,Jayson,Munnis,uLQ1I9vJcZOli4ER3rMVy12NMdxREw
,Customer,ELmRG9ejUHp4V6eUm,Tommy,Enderby,mvFb6qA3Mf2bi7qwq
,Customer,4QowpkidUX,Sasha,Brunone,a3TSLTbEbB
,Customer,W4F96HQ1vOOJbZfFVLDSV,Marcile,Percifull,YRHcmXSdukH6n7SjlwGea
,Customer,WLoIcXvRI2d807nBfO5,Nonnah,Tonry,ML5Zv8IhY8OjUkyU3Pi
,Customer,v716ZTwzacOyFng6LrLwFY,Terra,Panichelli,yOJrkEbUcNI5RTiSSUzSLg
,Customer,bgU0xStYloUaQALoFl2c5sE8M8j,Ramona,Dominici,vfIQJqqJSpyQDxSllhJs6hZSNjr
,Customer,oVECBmSGOC4zN8nns41S8W2q2bnAyY,Sabine,Moxsom,n79xdHtXfTshKTvhiVdZQrgSoMN8SD
,Customer,MFQP7vj7P,Janetta,Paoloni,5JmcolPns
,Customer,ymzj80f8z7xpdVrd010f98jngbjGvi,Sal,Iacoviello,3eXalIJ6AK18e9m3kdIuXL6oY6OHMN
,Customer,U8SNwcINv5ZzcpexnzqrK0qgssbMFL2,Ollie,Younge,CcDsu7oLVnyZrimvFxVaNygP5sX41UG
,Customer,AL1BRhRsTydk5727CyX,Rolf,Durtnell,qNLB4Vn3VfEEVmHu3BF
,Customer,Jr1NDV8ensAgdm2L,Terra,Durtnell,J7lUB3cQ7gLWGUhC
,Customer,cHtOn7Yk2ytsDHWgiMM5hdffAWUguT,Torrence,Jeannenet,mRCQlnnAgo3SET1n2vXgXNdbh4i3Et
,Customer,88ab4P3wQjcLxrnSs5UH6beMtlgT,Jodi,Hartus,or0dSgWLEwwMSeAxiL8SKVo6K6RD
,Customer,JWUdPMzsS7N7MiT,Shay,Ardling,AhGoaJLIPeGmfvS
,Customer,27Suk2LDGnahesklVIsxip,Jayson,Presser,UuS65pAtmuREEXTGqzk6KM
,Customer,1fKU8dNDXbEklvN,Shay,Paoloni,hb4GqD5s2ROWlkY
,Customer,t0XORid2lbgzVBPdMVxnhaxcy,Christoph,Ardling,A9dLOJ7xixCB85IdqnBBIdio4
,Customer,BJgj7Q4ZzbZQZ3cRdVpNpfuJ7qoTkQ,Nathalie,Savine,pK3ZHX7goGOFnxrGYhxCqczhBOp40w
,Customer,LpYuqWGAL,Marcile,Ardling,fVBdH7rCv
,Customer,tKdByoGd3,Grata,Mardoll,LEBMc6ig6
,Customer,Hv7qCPVnYkXRj2rWvKXCXQJ7e,Tracie,Boatman,PfVekCV3aQd9xGgqeOaFI6OOO
,Customer,pNOnAvrQ,Shalne,Dewfall,Cf3sUZjF
,Customer,kAgSJVy8i2eJNp7GgX61aeacjZ0dPA,Clim,Holligan,MkW5ZinIhPEQ59GDFCzbwIXiyaPyR6
,Customer,TNVm8S7fvEKhqm35Egxzl1QBUFrrK,Manny,Foulsham,yIXkd0kcVKCxt4KH2HkoMtcndA8Kl
,Customer,0X46KKiTCCmVAYz8A,Valentia,Sayes,WZ9U3yKCI38EpGqdP
,Customer,UGXc0T7S2qm9GT2LFnS,Marnie,Paoloni,2ImQxFo8E2JBD0vhAL6
,Customer,B790M9PuRIBrJ4eGQxo7dq,Ernst,Salters,dIh5Bx6PzF5pORRoe3Sbqu
,Customer,KyLbZZALaOjEgPnsDSxM,Gerda,Emerton,LTB1WsdXdhRDjFAdq5oQ
,Customer,9J1ccL5yp6pzX2GnizsCn5EcBCN2,Yankee,McKinn,y3vzUV77okQRtwR1eLHKssTzmRBo
,Customer,CODTrMQv3aKCrDBIYE,Bone,Duding,DlxVXHpJuzJhG9iHEk
,Customer,LGRTtNSTHRbATiK7UPII,Jeniece,Dewfall,CdZjUIc8kKAZfTPyk9cz
,Customer,ckcNEmbACEloQbcbL,Nonnah,Regglar,IWUbARt604dwfa4U0
,Customer,6kYdRWOnT,Gerda,Washtell,VspSUxG8e
,Customer,YjLF6t5DihTxrOKIZNvt,Hillery,Dominici,6Otvy60clgCRYVr19Iic
,Customer,brGMf1ms6WiA9,Shalne,McKinn,UmfVpqXaQGYcw
,Customer,icpsODHTTTQTdyv33X,Cecily,Ardling,DGctWgdoHHFtUvrBzz
,Customer,tlbqohueZ9w01r4gfOquwYBBhCj,Sabine,Rabbage,HBzA32PrzEhjFYK0VeLFmEhtUao
,Customer,CoAd53MmU,Salomo,Spawell,e532An3Zc
,Customer,ZsmN8jyUdELSLP1,Sabine,Goolding,kiAyxiQ6TKxpIJD
,Customer,GfrtZfprYIkVry7,Valentia,Castelletti,DrB3JgKT3HM0bhr
,Customer,pU2CvhWG7qcmazv7v94i1f,Yankee,Jakel,ZSc1dLnfq9aIxRGNdMSNKe
,Customer,rPdQCch2O9fXbPlFxhQfMz2p0HodQ,Sabine,Mynard,XLgEqMnilqJkKrOqVBM0RSYjF3NnC
,Customer,4RV6PlYIxhT1YvKac9hwywus,Tracie,Presser,Sx2i0UdZLwkam8dnQ7lHvtDs
,Customer,724AelCXtlHONFiKyEVmT,Nonnah,Killner,Er9mAsAYBQtXCqzsT1rDW
,Customer,i8ux08qntRTa0zXTb8srYXb4,Manny,Goghin,mIoPI3bySVTRPeasJL8JcrqE
,Customer,ln2x0uMxY5vWQwi4NiiT23nrLfD9,Sal,Hector,2cOqpDEkVluMqvOHs6M8LCm73o3O
,Customer,7B4MgOCv,Hillery,Geely,zTVjs4py
,Customer,UBLxDabSPn6xBvN,Hillery,Iacoviello,2YVJeGxFIAyGjEd
,Customer,eSafHahcF7isXgRNZXnZZqwUpomWr,Jodi,Landre,GTx50xGpzi5gRibLa9ko8KHez8ErN
,Customer,m9qbYMTq4YEtiSyr,Lawton,Mettetal,gEhEQEvQlIfCcnWi
,Customer,jLt3deHsQY15QHKW,Marcile,Mueller,YP7c1Duspp5xnhhU
,Customer,rzA6N5MmZDpi,Trish,McAuliffe,DZcM1XbtPgGm
,Customer,HglIePCPuw0q3dcze,Rosamund,Brunone,XgpiqTKBtc3csCiD9
,Customer,kDNCi4BHw,Truda,Burges,Bbwvet02K
,Customer,pqUC3W4ts0StYSNR6,Felizio,Emmatt,uXTs4cspqdRTeeFku
,Customer,ICjFwQ8v,Gerda,Percifull,C5Lkjzz4
,Customer,hDnKpxXPzweaPccSdkl60,Carena,Roubottom,p9v5QDOodS137qY7b4GHq
,Customer,phhcYMsZFhsG0CSXG0,Freddie,Hartus,aRw9gnaLjKjtCc7kyI
,Customer,l6zbOw13V03UG6FB8w,Valentia,Matveichev,WTsY4iP1yZ1z4RjxJx
,Customer,wqUGuQe1,Jayson,Klimkin,xfcZEeuz
,Customer,xivUAascQkCtp250Y8VPEtWQzgh11,Barn,Mynard,GDQwQsjQKQcG3QwswEkA4k7O604Xo
,Customer,DlG1J913hwMAs,Shaylynn,Percifull,ubyzE2NL4wSWL
,Customer,EFHwVtvhgQaW1CQR65iv0Bn,Denny,McCallion,JyQRVZJtOV88bhlguGqBd7o
,Customer,K3KfH4UIUPZc8,Tracie,Regglar,FOJONwbxkt2Mn
,Customer,pDrYSZJHOc,Ceil,Geely,o8IPnkGxiD
,Customer,Ikj1wMOGZoYiWi,Osborne,Moxsom,pq33vEk761JWmh
,Customer,zeSjGGt8yRVFrsYPIGNbZAMPlUzdLZl,Moishe,Bointon,BePhvmQG0Kllvtc6Hf3PXYBU8VLAmpI
,Customer,cRr0e0Sr,Kayne,Geely,vXMglHk4
,Customer,PwBdCGh9,Salomo,Corr,smFP0n0d
,Customer,s8J9sRh31xHpcZEQ0lr4vXq7h6,Ceil,Shedden,HWd1tPZrUM2Le4z57KZcSHIh5X
,Customer,pvHTuaGN5efEnEJq,Dita,Davisson,Slfcx0XxlFwC0EFe
,Customer,AdZohY9v67FtBiQLNeejJmoYD6iLF,Shay,Presser,Len6i5YbHzYRKAJYu7ST8y4rNChQo
,Customer,zvYEYA8yKqRKqmUk4qBGdrPXIyVZV,Carena,Byer,1mCqy551mdToWUyEQ4woGtuJOPek7
,Customer,N1RJWbI4VHBLkECLbfsj,Myca,Flegg,56smhv4DoiCAcwZFeusr
,Customer,9sLc2nPMb6GLCccGbw2L,Sasha,Stearley,wrhbFS8c6AR19pxwMc5q
,Customer,u6cOx0XKl1WzAJMMYOD5KRwUvO1q,Rolf,Beglin,s73Y0KxQFPbEppCspIudza9I6Wj4
,Customer,BfQW9g117vYWiERMnUrgIoE3XMJU,Manny,Dominici,j7O1yJROCgMn0tiemQsHqXKo9IvA
,Customer,muIKpXtizFaoCvVaML1KhRnwuswp,Dita,Percifull,9Fe4EqYyEatDSNXDKrjwDmEOlO9G
,Customer,6TBUmzQey68Gw,Gerda,Laxon,3DmyS5EAGUTnk
,Customer,CDRRzUEuAIGKozWD,Malena,Beglin,ka6J9FCkEoFLghzv
,Customer,0dsqcLTK236jR0XRY6EGTLvFuX,Gearard,Gundry,IYdwC2c1YhcsHO9NBMhWhcb36x
,Customer,aeOSAq4wvCAAVOOmiuP20A7laHE,Natividad,Pirrie,EC8yakePH4LQaCWDY0Wt9xROQot
,Customer,HlLoOeHiw1UZ,Tracie,Matveichev,ispJ0buoaRkL
,Customer,rQ5tfFBj1,Denny,McKinn,yRPJ2xfjF
,Customer,y2K3WeP8FPBR9KQ8IeUBGk,Helga,Haslewood,ZKdvbBrImegDxqt9IQ4ybW
,Customer,88m2HgNs1cr0C6g,Valentia,Spawell,WAigd6JXTIyUDpX
,Customer,OklDSKQE,Moishe,Stearley,y3XYWy24
,Customer,5kZR5bb4p9oHCtHq,Corty,Emmatt,1fMLQa42C1kEzV3W
,Customer,MNfPo6Oh,Natividad,Rabbage,WWnH8FR7
,Customer,qbZGV8wHKT4LvZDY,Nadean,MacDearmid,GGv9DnrxdTlz6qt2
,Customer,s9vAKo9idcSlutSQ1WN,Shalne,Boocock,j1Cm61V18rdRQ1yumNp
,Customer,oeu0wA8bQCDBarPukDWZLsSuH,Oberon,Goghin,NQVn8c9rXjD104NbBDPfIZHVP
,Customer,KdSoicoaoaQ4MIiXBxi4fK6j,Lou,Mynard,wNRDOC8gdnAaLgvCkPqyXC88
,Customer,LusgM5UiU5cqVfANw0,Dex,Emmatt,LlKh6pOW7vjb9JFWMw
,Customer,sN8lN8dPlThJ,Kayne,Jakel,ZrvV5HB7IBse
,Customer,gsvUlCLiwQHYOgn055e09pwloBWY,Janetta,Gun,oK2uedV8Yojw8QfDXsGrJZAzHe3Y
,Customer,BNVNcg9Bt,Nathalie,Munford,xxhyQVlMW
,Customer,4SlnRVhKFzJxL,Barn,Joannidi,luj0FH0Nc4tWh
,Customer,S63CS4SJ0YziZ1D0nB86k,Rosanne,Regglar,gZyJzvXUzColkFiKMV9nm
,Customer,mQNz9utDwhuJFWtQ8Rnp5ru0M31Q0kd,Clemmy,Binion,ifaVzMlPd2pqvaBJgN7CcJKCtUG8b1V
,Customer,BQKNFumx82WWWyRDOp4GS2NbCmqYa9,Manny,Younge,h0MX2gRPVKzXqZOo5OaiKP7qE0XgAU
,Customer,YfSsTVqMAKdKCYPL0shfjySsWjPw,Truda,Joannidi,Dst3LhJrz0E5JB0I3Cx6cvPuMuwE
,Customer,owd3B85w8Dk3Mo4,Kristy,Azemar,FMZn3r5V7TZC7Gp
,Customer,nSDLLUMuVBcKpYcw,Tommy,Dominelli,GoiXN0rid81yhA53
,Customer,FfrnmWGNbVPnWHUnxN,Christoph,Avrahm,J90jn96NlfAUBhkuWj
,Customer,lBwndpahKGmhiaIl0,Helga,Percifull,Ci2ESFL1YoxhQy1uH
,Customer,mF7671TLk3owQCpHS6jchqzkVl3ff,Rosamund,Missen,sQwx4kr6u78gQoXEMOqJ661kvBLNH
,Customer,TVcNwfZzdAZdo3eu2v,Manny,Duding,10yzVn2NDC5upknPwY
,Customer,uKAnEhp7,Lawton,Corr,m9TRIpCz
,Customer,gQzAXMsLWmFZrcBjFuC3VGt,Tracie,Salters,MJLrucUFTP5tbz153nqbylj
,Customer,ZIKbEiCCvDlWfaVGbjAfjAxOVA29ru,Melesa,Burges,C2gcBm9Eg2QlTolf4Oan44Kbp3MIa4
,Customer,xvxySfUO,Helga,Mayler,1ZuKFlGK
,Customer,iGz5wiSIvUunpYAUz2tm8MfJtpvwV5,Dex,Percifull,r9jOp8RfFm5uStrvI6pV3GfPvB2PGw
,Customer,abBiH48teeVoJptJnfkXfIgs0bJ39B,Boniface,Gyorgy,iLNTtJQVV1dtHdB5rMXoI6PT7p3KlG
,Customer,98n1TTzLCxJmXdFySnf,Dita,Bointon,9GAT31Eo7MNFiOJ1pIX
,Customer,PTdFAK8vQm5PKRTnc,Nonie,Stearley,YtSGDjJr3lyVuzPEW
,Customer,SlzHqTw86PVGZMqRPiwvpjbq,Nanny,MacDearmid,4m6e6sphbuetqMIyVgoFEzHc
,Customer,IKX3X4dLEqgOl7rH5qoaCHSCdd,Salome,Savine,rw3shFAAROKhZz1S7MtxaawHoA
,Customer,oye2qtG6t9m9O,Vale,Davisson,EmGB61Y1mVP0u
,Customer,1osRWQyWb0TIP3rzK5TV,Kristy,Salters,cPOFcHOZ2xOTT8jHRCaf
,Customer,uacHKu4rREdIi8kxBZ5fUHjagE,Cecily,Mardoll,RIJbPcUnmOUBj2r0AvkjYtAE2f
,Customer,w3UYSIX8H3JOHPQwkmUYls8k,Marcile,Scraggs,oLzqrbxPtdMeVqmArzGbbw50
,Customer,r4aM6n4cBIx5bbUC3x,Torrence,Mueller,YCGirQaTyzcWAr9bzY
,Customer,5vwQgtWB4BFJiGUgeA61aZTfm,Lucky,Pirrie,wLNq26oB0YLBWxNlGXzytmC27
,Customer,tZf2nuA9u8Ac1B8,Melita,Davisson,CYzfWK4xTwbkvHa
,Customer,CIOQQxgUSeM7kOiQOGyQLSPtikTm,Oberon,Brunone,zIH5BZUk9v7v5GDPVK0tgiHWd7IW
,Customer,cH7VA5EmvCzam9CcTR0G8o8KRGm,Grata,Goolding,EPE1P9g40WLsHFEefGXjhH7i8k3
,Customer,PzMzYXDSOrdX6FYL,Shay,Moxsom,RGOUdcA7A7tD05SB
,Customer,HzWC5ZCUvir5besL,Melesa,Durtnell,u3Y7HSdAxntOMI2L
,Customer,wwAOOCKl0KSD,Melesa,Washtell,5vDBI48pXlW7
,Customer,hg20tnOBLxXjON0KWgHrVYneO,Ollie,Duding,yZa2qlUqcxKCmd4vCdqR1AVpe
,Customer,n9TyKjDLMiKIBRiexxkI,Felizio,Tillyer,S49yMQjtpDM6sD8yPU6D
,Customer,3ZEKsBhteaHObeQB3lkyB5aG5bmoCk,Ernst,Bakhrushin,ROzTFAvk4doSWGGU6cwdYkVdw5ybTv
,Customer,Q0tyQOVto8vP,Jacenta,Scraggs,Ajcaw691zUh1
,Customer,XsQAXvcbTKIXrW7,Cecily,Mayler,05QQtdHIxYudslB
,Customer,ybFGTc81,Malena,Rabbage,gUib90T2
,Customer,tP3Jl0fIfozS6ZCm,Nanny,Binion,ojuDOAU7uvsWdmIe
,Customer,pvAzkb2cljKoYZrYfeeeyI,Freddie,Bitterton,rlAKkV3zASYukw6kZxvrkB
,Customer,irKNW2Ujl4,Grata,Regglar,YPfLSWVYnA
,Customer,NN6Th6IInNPEtW,Sal,Presser,LBCcqR9dYushqs
,Customer,YG80i7fz6f2pYd7lf3Im7CaVJoAzOSt,Melesa,Paoloni,M2eQcfCrs0y6ym1M6DA5OL5vluZcwrr
,Customer,CdDw01qlVsIEzoVXhsTu4M,Deborah,Joannidi,cHjlTWnpX0C4iSgCE5Tpen
,Customer,socAPPLl,Melita,McCallion,N4oxrH2n
,Customer,XzYhvCDX7tpQSQA,Ernst,Castelletti,eiwQY6Axz2Yhkmc
,Customer,AUbmYgDy8UigSrZZxeakPY,Rosanne,Spawell,wjCJ9zbzb8vvy0JIpcl5oT
,Customer,hasXa4vDU,Agnese,Beceril,wDytX8Nes
,Customer,vbdBaHbl9NjXRt2E86CF2vmJyQeFO,Ramona,Foulsham,iPXR2zf1E4ctxks4UzJtECCfG27xB
,Customer,E1oCqTpPMF8U1E,Natividad,Spalls,DedLvkH2zpYWEc
,Customer,L61eBBKEkag58sJ4ZN,Corty,Castelletti,LWRaCH4Dl8uOB3BKjx
,Customer,1ItoIHeHlfV3PmRodgVBjwmRyp,Anson,Hansman,JgmCJ49XQ6E0pMhgfoP4c5b8ub
,Customer,2zJUYt1Ssw,Marcile,Hector,baBPaJ6nCt
,Customer,J62HqGV4XTNdmQvg6jBQmnpmbYObff,Kelcey,Matveichev,JFHkuSYzUBzNyICrX5XwThXbtxdKI0
,Customer,5sgnzCXMWKoHMhYqJX,Marcy,Jeannenet,36tosloPY9RY4ybHq6
,Customer,e9Hl6oiZABiAFkMXlvVRcKmKy,Kat,Paoloni,51nziFxxAMGl3Lpu3spx8UQnd
,Customer,URKK9iA43en8NSPq6eUf9UotC,Cecily,McAuliffe,rqs4H5Y5zdhzJN4tehfHQ4IuV
,Customer,AjWrrhSjFdUamQQRMsOzxrUOfF6g7Km,Vale,Iacoviello,Q06wM1W34Hm8ZglJoDWwRjSOWH2537R
,Customer,niaMBnm4HIyFzP6TigdQX1s,Truda,Munford,pOssuNSJcMd5yYOtZxcnUKF
,Customer,qNO5RuY54NT6lzasg9Y06U,Jacenta,Flegg,z6PGpVJzFvsP1iA3HdlHHF
,Customer,MFms9DCS3yXNslrj1Ex,Marquita,Brunone,2faKWVb7r1nGpwtHqt4
,Customer,rfPm5jrmIJtqJf3MU1MkWmwVzLi4B3,Rosamund,Tonry,FXJskdqFxKrxfXHaHZIP7rumH2BYq0
,Customer,NZ8XVqJFTgvnDoRdYsdXzssE1Z,Joey,Mettetal,aGRK75LOw90i0aGVbM6lTkC4rI
,Customer,tVogWKAmwm2jLg1R7E5c3Y6,Hillery,Rickman,QFtriA8SLG52ymYBM32tQYS
,Customer,9BRvGHVRzoNIGtBeu29,Deborah,Mayler,3He4V7g7nmolCVPMMkN
,Customer,W1FBjdQPsrxYJkzhjCCXHtUR5lZ,Janetta,Aldham,MKJBJj7gzyyVlIkULDxbjawmqbZ
,Customer,8PBmRf03U2lqlawvP0VM8q8VKmiV,Lou,Binion,P4EPgyx1dRq6X5fnRjqFYVrPNQWH
,Customer,ShXJpUsTi9u,Jayson,Jeannenet,jMf6qrrj1ak
,Customer,STMeckDLjW1yBpk9u4au7AfULY2,Grata,Binion,DWezIWMIw3nssldOVRgIzb3vv41
,Customer,nOdNXd3N3Li5v7fYNZZ7ORtWsyh,Rafa,Killner,UuWRMMvOqqdpUacgkB5B1ucTPfQ
,Customer,FayPxbgY1We2f3lXIy8VCcuA,Jerry,Brunone,DlsfYprJ49oI9RZacjGx0CR6
,Customer,hGSszGSg5Ih0m0hAW9eiD2fNDdxOF10,Anson,Durtnell,gLTWTDKEP5nhfrq0u0MWf9Y2FHsYpI6
,Customer,mvvpwp24VzgP3yxinzW5BP6d8YY,Christoph,McAuliffe,0mQnotCkjybTq69WX6juJ2ZYqZd
,Customer,DK0dzEeXIZDLqBACx5RIBjX,Natividad,Enderby,o9YIlwWdQjo20zvLrem3jJt
,Customer,BEywPQTMaL1vym9CIHts1DwvfHuGn,Arch,Pendleberry,rTVOriz2TwO0iQ0Mm3eQOfmm6gSZ9
,Customer,FCO7tJ6fAFeW9mgaiCwxw14hvXCzf3o,Shaylynn,Panichelli,hthngmuFGgu0D3uwQaBGgZ8GwhjAFYY
,Customer,7GwBptQCjCa1cddBpX7j,Dex,McCallion,a2p2FZNdLMqH56eApsMh
,Customer,tDU3GJoUMBccRZjcAJR4ruFW5,Yankee,Bakhrushin,Ac2xJcK2sjxqgJnSUhixWuVKW
,Customer,jdBl1XpVVyxwCDZVVvQurKEnFKH,Shay,Tonkin,1ayFMUmnjKB2BsmkHLxS3U4xZZX
,Customer,qZeUrOO8,Shay,Van Dijk,wqivkzDt
,Customer,oPckUVX6iduvjxmLha0vC5,Deborah,Tillyer,3lFyN2kT6uRngfF3Q2o8PR
,Customer,zNgyQmAoOL,Kelcey,Flegg,8MUEs22U3u
,Customer,6GNaR46BGElgyPR,Boniface,Paoloni,TCXc2dpz1WHV0ss
,Customer,GHgT3jQ4ihS03tBS9XcC2K9OWtDMt70,Cecily,Giorgiutti,pdutHa4RqIb6OgebJwjiuHnx9wLtNNZ
,Customer,MzZ0P2sJ3wES4,Malena,Duding,QtxNGC5XIu8qA
,Customer,wp5c2GycqRYDq,Dex,Duckering,IA79N9cvIvMuk
,Customer,K7yeAq489vP,Carena,Hartus,yMt2AbqIsIW
,Customer,yRwx5HKeDtKpCV3hw0wUGZmpLAiA,Salomo,Varian,YN1Wj99IFrn4ZS2JjWaLwluVzkn1
,Customer,GU20FMBPyNtTb490y5wS,Carena,Pirrie,raxsRZVBp8wBMWAIR51f
,Customer,fNY4a0zJfGskFd6CenNbwPQ,Clim,Killner,F5hPehkIxEa7zruUnenkYaT
,Customer,s1spCosB0wJmMc,Lou,Stearley,g2ALOcjKuAzhWp
,Customer,pDn33w1NQpTvTxZfpM,Jayson,Rickman,A3VEHxXc0SLXD0yd6L
,Customer,3aZMJ1gbhPatp7LxN56mP,Richart,Rabbage,HAVvwC1w8QhSLWsLpTzrm
,Customer,ypVpWBnLnmhl0rY,Shay,Dominelli,WQ64qori12GtUva
,Customer,k61Zqqz5gXdUJgdeOoMBtkoe,Jerry,Binion,m3EgMt2zqkBnue0GwyCoGM7Y
,Customer,zXEcbNHRRuPeu9,Bone,McCallion,czKMVtC56WD8ZD
,Customer,HuNVGIwTItxlqSdqLWyJDDi9s,Yankee,Matveichev,xC2uUQdgBLCnoBooImoiCyQfD
,Customer,0leHLi1ddlnVGrFMFQxz86,Nadean,Beceril,SbAB8KWZSivJA3H1p3HObc
,Customer,y4DCoxzMxM7zZdat,Kelcey,Stearley,bnEA6S6LBJhHh8Rk
,Customer,h1f3oslVRDBkN1ipdqcfUNxcRSrm,Marquita,Stearley,QMCiOeT9Glcj85dHzj0E79z26U2o
,Customer,z2XJKNaUrnYDm,Kristy,Beglin,HffP3Uy5KF20I
,Customer,Q6SGMSph5MUEFiVn2nkhyAVXh5Kxy0,Sabine,Brimble,KYN2YGiA9Fk6li1i10mvmVW2HEms5p
,Customer,af4AnVaWZ4WZUuoETGUzm,Johnny,Tillyer,5yKNMbJt5s7dASruu3t6T
,Customer,QFmhkPRG9aRAFfIX9,Rafa,Bointon,R2d997Nd9jmcuoa80
,Customer,ZmJJlo16T8AYbEnm,Jerry,Varian,641yGY2tuyjo8iDN
,Customer,l8EBC10aNMljh2,Nathalie,Gundry,VEnEykEi1knCOG
,Customer,lBLyL10iDgTKA,Trever,McGuinley,gnxPn5Q34DEoU
,Customer,1kqmzKonf0,Denny,Joannidi,bMU2PqR1gv
,Customer,eStQUfcUH,Tracie,Jeannenet,PNwhtmqAS
,Customer,ck0N1Eufa11OibgwDThJhiI6E14WfzC,Moishe,Dominelli,BUDx20PQJRZBT70nhsIY7kg47tNd0VN
,Customer,E1LrdOFGvEA3wYbkKF4h5,Myca,Landre,5DpRcGqiaelreJMpNGm2e
,Customer,gsqEwgszK9gOCUY39gF,Melesa,MacDearmid,2SfMgvv9n4Roz7Uhp9L
,Customer,badJYvD3FVtuQxXLkA4SD5K4S6nOl,Lucky,Rickman,Yokq0HzoKiXndIfbsU5PbCOb4zRwl
,Customer,wEK6L7lnY3pJdOhe8NFNkm,Shaylynn,Mayler,Chzlxx0Se8CImDDwmnXAsu
,Customer,20LKwfWA9UKWELafPH0eWuKl,Felizio,Beceril,rxols51dTsktSB2CdUe94J97
,Customer,VXZZd0nQexYboDRDHyRSIBmsQ,Jerry,Jeaffreson,SPuWBJGWhcgBNTNuqilGBWvJZ
,Customer,mYGXAGHdE8FEccb4fr35aV95pa,Melesa,Giorgiutti,045NX8jXIFTbkxxFlvbprpXWtA
,Customer,I6drpJ3M4hxnIA,Tracie,Frickey,nEd3J3Np7msbdS
,Customer,ZzJthGyAfLYxEJJXejn7,Dex,Varian,MkQKAJilYRUry5wBKPNJ
,Customer,nds7XLDoms7pPTutTw08tpcopvLkZU,Vale,Paoloni,TVabl1sMctXAUkL4OBetOzO9uX1UEg
,Customer,xfpTVoabERJFbsIZ2IdFMRIrbCU,Margaretta,Azemar,WwmnlfvYtXTFL28imeMq0SiDVk8
,Customer,jODQx7GbdL6hcUKtz1h,Janetta,Brimble,HTVSjOZWtxW51B2LfKR
,Customer,GP4QvcieUdwMFwAejSNr5L7gJ,Tommy,Hansman,4sEODYpO68GIi4F6ya2ftAczG
,Customer,J3Wkf3LqZFlGv8kCow,Marcile,Washtell,ueKBJViXZyEby58QVA
,Customer,K8DxhWDiuWAP7t,Tammie,Varian,DCGEyrP5VlreNz
,Customer,njlNa1xpRpjFVdSanz2v5J6cHKZoDD,Tommy,Giorgiutti,laWXg0t2qfTaHnkqHqRGgrjmpBvSvE
,Customer,bq7hWiK5o,Cecily,Brimble,UvEErIMhe
,Customer,ndMvyvk3A3Fb5FxEsA4GxUn1dvQ,Tracie,Mueller,JsEE4HF85XvOecOF4NxlG6EtDRW
,Customer,K6xt3XZLRFWc7Eqe,Lawton,Pendleberry,pdAXCJV34x9ZTprq
,Customer,vF6fYu3Mi2JPMqioEzXI,Hillery,Giorgiutti,ahcjHmVKPqmmtPQv2n5d
,Customer,7bxPoSdu9c4,Trisha,Spalls,aApboIvClTU
,Customer,8x2RwmZH52WWTmC9,Grata,Savine,DU4ihOzWTJvXlV0G
,Customer,f4kmB9o8AJ0VcAK8h8MGm9CHK,Freddie,Beceril,ta1FZsyyrxH7mkQy6I3I1Q91Z
,Customer,BHTYdKV4RCc,Jacenta,Azemar,MICo1FzNlDw
,Customer,lFB18cGsuwrCaQ7glBCoCJD,Arch,Rickman,BiZzIOSgNjWlI4lsOjRnAUw
,Customer,9srOcTBpI0g4BQFqOy1Mre3o88nA8P,Gearard,McKinn,zZxIQSNxhBRRkXvipCie0q58xgVhGO
,Customer,kSQYF8Dx02G92HUT5YtsNoWXmF8zur,Shay,Castelletti,57TtJBfCz3GWdLXhC80mD4nAPLiuH1
,Customer,bGDCSq8So9SN8RBEDEyOhEL9s,Marnie,Boocock,eKohrwzQLkPKT1YqDKqOz8nJ8
,Customer,qJ3bEg4gk7OROr5SJ3rZoc,Felizio,Beales,zKipIem8lWVSxy3pGCLvoQ
,Customer,zAlIgjUC1VR8,Christoph,Beglin,P26xh3ByjeIH
,Customer,kWTnSobnKl7cZSxWPfbYxjyoxaX1d,Lothario,Rabbage,ZzwnmSik6f5ueKvSw7UupNuYTKmL7
,Customer,RViQdH9D8H8Gl,Tommy,Washtell,Jx5lh4mv8bOlJ
,Customer,VaeFtwUh1C1pdx,Neron,Bitterton,zcBQ1zbmKQwNd6
,Customer,kybNqQJMo0WJuY01OWvlrcK,Marquita,Bakhrushin,aszqZejH5ZlSYElS5P0xCBf
,Customer,cQyfEOvcaRrxcT,Terra,Gyorgy,DE58boSEkAKD0b
,Customer,QiYKyynjYlPMoE9QRB98RNUE,Ernst,Aldham,PkQAqXQghnusLqFooWB1Nb1V
,Customer,D2yAJfRHd3FtUIgPlAD79Bl,Sal,Geely,VjbUneNLinC1lt7nwEcUhuO
,Customer,suwMGLlbksx8dCCuHFZHH,Reinwald,Spawell,ifmTjRrwLJJ6UKsRCbmVm
,Customer,xPa7pKNCPp7mDwE3Mv,Sabine,Washtell,MGoaxqLyrKXBUj2hnh
,Customer,PZ3MMfquRGzgmM3mhPb0VZRRU6Fa,Rolf,Goghin,ehPva91vurvyHSpCEzdXxwATZtvP
,Customer,lD4NKE44h41qpmWtrhY85Y,Malena,Shirland,Jzrv4DERM0qtBGy8atEzG8
,Customer,aVUr8Wb9nIYPYzTEeHsYQVp,Salomo,Tonkin,LAoL0GvQx7WsM6DShJcXdUI
,Customer,Wz5zm0ZAERYcyCB,Trever,Duding,t0dWpPrYvgRIoqH
,Customer,Ksb2eqe5gBnxibFlik1ec,Gearard,Enderby,KBCzXggqrZQ73V3fgdG7O
,Customer,ItMg7rfdtmCRcyNepldneZISh3Y,Kayne,Beales,DMJ8PvYLHHLqdm6AqjEwHtE6eXM
,Customer,eAtWwfRO4j288LIsGVnki,Jacenta,MacDearmid,zUxIW5eMTafko9WGCIS8E
,Customer,o3gncIuB,Nonie,Spawell,sNt2FrCm
,Customer,XjlH964ok8q5y3,Lucky,Binion,cheAkSpfmeSz3L
,Customer,WrXdBg7qOvbguLzLkKbFgpJuDUJ73,Marnie,Panichelli,C2kq0x4hSXiYjJT1CR715BPB1KtJ4
,Customer,rf3GOuAizrCmFFZWXKYeRKu,Valentia,Isenor,8B7BURzeCUvO3dkKfgDXEBx
,Customer,8qoIoDHt3aYZiHAs3NEcf0Ol,Kat,Tillyer,vYUMOkxDPjdd6PligncdUOKa
,Customer,Xc0xMt5tDH6fP5x,Marnie,Tonkin,WKbShwngF1HqzR1
,Customer,eA2b2zt71TQ,Carena,Duding,nNfBu9ZICpC
,Customer,wDnttSzhUoKNZ71OD8U,Nonie,Shirland,03mhvuld3ASSEzSBVEs
,Customer,oasNikNI4ALJLWQOfU1bxr8kEbMLzTw,Ceil,Windibank,7lsrmqc2qavtv8T1n9RM4ooFGpvSrOK
